,time,row_384,column_384,rfu_value,input_conc,input_conc_pg,replicate,reaction_volume,strain
0,00:00:00,A,1,447.57800000000003,100pg,20000,a,full,Clinical_041a
1,00:00:00,B,1,459.106,100pg,20000,b,full,Clinical_041a
2,00:00:00,C,1,512.9209999999999,100pg,20000,c,full,Clinical_041a
3,00:00:00,D,1,506.601,100pg,20000,a,quarter,Clinical_041a
4,00:00:00,E,1,474.889,100pg,20000,b,quarter,Clinical_041a
5,00:00:00,F,1,317.812,100pg,20000,c,quarter,Clinical_041a
6,00:00:00,A,3,460.778,1ng,200000,a,full,H37Rv
7,00:00:00,B,3,463.561,1ng,200000,b,full,H37Rv
8,00:00:00,C,3,476.31699999999995,1ng,200000,c,full,H37Rv
9,00:00:00,D,3,487.782,1ng,200000,a,quarter,H37Rv
10,00:00:00,E,3,467.038,1ng,200000,b,quarter,H37Rv
11,00:00:00,F,3,381.59,1ng,200000,c,quarter,H37Rv
12,00:00:00,A,5,436.968,100pg,20000,a,full,H37Rv
13,00:00:00,B,5,449.564,100pg,20000,b,full,H37Rv
14,00:00:00,C,5,455.026,100pg,20000,c,full,H37Rv
15,00:00:00,D,5,474.594,100pg,20000,a,quarter,H37Rv
16,00:00:00,E,5,444.042,100pg,20000,b,quarter,H37Rv
17,00:00:00,F,5,400.69699999999995,100pg,20000,c,quarter,H37Rv
18,00:00:00,A,7,453.579,10pg,2000,a,full,H37Rv
19,00:00:00,B,7,474.875,10pg,2000,b,full,H37Rv
20,00:00:00,C,7,487.8,10pg,2000,c,full,H37Rv
21,00:00:00,D,7,493.001,10pg,2000,a,quarter,H37Rv
22,00:00:00,E,7,485.514,10pg,2000,b,quarter,H37Rv
23,00:00:00,F,7,373.81300000000005,10pg,2000,c,quarter,H37Rv
24,00:00:00,A,9,418.223,1pg,200,a,full,H37Rv
25,00:00:00,B,9,460.17800000000005,1pg,200,b,full,H37Rv
26,00:00:00,C,9,476.88,1pg,200,c,full,H37Rv
27,00:00:00,D,9,465.11699999999996,1pg,200,a,quarter,H37Rv
28,00:00:00,E,9,432.064,1pg,200,b,quarter,H37Rv
29,00:00:00,F,9,270.774,1pg,200,c,quarter,H37Rv
30,00:00:00,A,11,443.126,100fg,20,a,full,H37Rv
31,00:00:00,B,11,505.833,100fg,20,b,full,H37Rv
32,00:00:00,C,11,482.015,100fg,20,c,full,H37Rv
33,00:00:00,D,11,502.555,100fg,20,a,quarter,H37Rv
34,00:00:00,E,11,490.472,100fg,20,b,quarter,H37Rv
35,00:00:00,F,11,297.908,100fg,20,c,quarter,H37Rv
36,00:00:00,A,13,399.855,10fg,2,a,full,H37Rv
37,00:00:00,B,13,397.475,10fg,2,b,full,H37Rv
38,00:00:00,C,13,515.13,10fg,2,c,full,H37Rv
39,00:00:00,D,13,6.834,H20_RPA,0,a,quarter,H20_RPA
40,00:00:00,E,13,6.236000000000001,H20_RPA,0,b,quarter,H20_RPA
41,00:00:00,F,13,5.8660000000000005,H20_RPA,0,c,quarter,H20_RPA
42,00:00:00,A,15,5.916,H20_RPA,0,a,full,H20_RPA
43,00:00:00,B,15,5.329,H20_RPA,0,b,full,H20_RPA
44,00:00:00,C,15,6.734,H20_RPA,0,c,full,H20_RPA
45,00:00:00,D,15,5.499,H20_cas12a,0,a,quarter,H20_cas12a
46,00:00:00,E,15,5.196000000000001,H20_cas12a,0,b,quarter,H20_cas12a
47,00:00:00,F,15,4.169,H20_cas12a,0,c,quarter,H20_cas12a
48,00:10:00,A,1,577.055,100pg,20000,a,full,Clinical_041a
49,00:10:00,B,1,463.028,100pg,20000,b,full,Clinical_041a
50,00:10:00,C,1,546.122,100pg,20000,c,full,Clinical_041a
51,00:10:00,D,1,579.09,100pg,20000,a,quarter,Clinical_041a
52,00:10:00,E,1,540.715,100pg,20000,b,quarter,Clinical_041a
53,00:10:00,F,1,401.024,100pg,20000,c,quarter,Clinical_041a
54,00:10:00,A,3,483.902,1ng,200000,a,full,H37Rv
55,00:10:00,B,3,471.334,1ng,200000,b,full,H37Rv
56,00:10:00,C,3,494.736,1ng,200000,c,full,H37Rv
57,00:10:00,D,3,526.113,1ng,200000,a,quarter,H37Rv
58,00:10:00,E,3,530.0880000000001,1ng,200000,b,quarter,H37Rv
59,00:10:00,F,3,492.444,1ng,200000,c,quarter,H37Rv
60,00:10:00,A,5,485.486,100pg,20000,a,full,H37Rv
61,00:10:00,B,5,459.04,100pg,20000,b,full,H37Rv
62,00:10:00,C,5,457.48199999999997,100pg,20000,c,full,H37Rv
63,00:10:00,D,5,502.76,100pg,20000,a,quarter,H37Rv
64,00:10:00,E,5,476.495,100pg,20000,b,quarter,H37Rv
65,00:10:00,F,5,585.112,100pg,20000,c,quarter,H37Rv
66,00:10:00,A,7,499.298,10pg,2000,a,full,H37Rv
67,00:10:00,B,7,487.652,10pg,2000,b,full,H37Rv
68,00:10:00,C,7,510.647,10pg,2000,c,full,H37Rv
69,00:10:00,D,7,549.638,10pg,2000,a,quarter,H37Rv
70,00:10:00,E,7,536.357,10pg,2000,b,quarter,H37Rv
71,00:10:00,F,7,556.739,10pg,2000,c,quarter,H37Rv
72,00:10:00,A,9,537.995,1pg,200,a,full,H37Rv
73,00:10:00,B,9,473.913,1pg,200,b,full,H37Rv
74,00:10:00,C,9,499.82800000000003,1pg,200,c,full,H37Rv
75,00:10:00,D,9,503.37300000000005,1pg,200,a,quarter,H37Rv
76,00:10:00,E,9,499.723,1pg,200,b,quarter,H37Rv
77,00:10:00,F,9,538.778,1pg,200,c,quarter,H37Rv
78,00:10:00,A,11,536.748,100fg,20,a,full,H37Rv
79,00:10:00,B,11,515.5459999999999,100fg,20,b,full,H37Rv
80,00:10:00,C,11,503.32,100fg,20,c,full,H37Rv
81,00:10:00,D,11,545.613,100fg,20,a,quarter,H37Rv
82,00:10:00,E,11,550.553,100fg,20,b,quarter,H37Rv
83,00:10:00,F,11,530.0880000000001,100fg,20,c,quarter,H37Rv
84,00:10:00,A,13,526.842,10fg,2,a,full,H37Rv
85,00:10:00,B,13,406.49699999999996,10fg,2,b,full,H37Rv
86,00:10:00,C,13,532.6469999999999,10fg,2,c,full,H37Rv
87,00:10:00,D,13,9.958,H20_RPA,0,a,quarter,H20_RPA
88,00:10:00,E,13,9.656,H20_RPA,0,b,quarter,H20_RPA
89,00:10:00,F,13,8.068999999999999,H20_RPA,0,c,quarter,H20_RPA
90,00:10:00,A,15,7.67,H20_RPA,0,a,full,H20_RPA
91,00:10:00,B,15,7.955,H20_RPA,0,b,full,H20_RPA
92,00:10:00,C,15,9.542,H20_RPA,0,c,full,H20_RPA
93,00:10:00,D,15,7.311,H20_cas12a,0,a,quarter,H20_cas12a
94,00:10:00,E,15,6.784,H20_cas12a,0,b,quarter,H20_cas12a
95,00:10:00,F,15,5.375,H20_cas12a,0,c,quarter,H20_cas12a
96,00:20:00,A,1,569.707,100pg,20000,a,full,Clinical_041a
97,00:20:00,B,1,446.787,100pg,20000,b,full,Clinical_041a
98,00:20:00,C,1,529.43,100pg,20000,c,full,Clinical_041a
99,00:20:00,D,1,557.508,100pg,20000,a,quarter,Clinical_041a
100,00:20:00,E,1,523.12,100pg,20000,b,quarter,Clinical_041a
101,00:20:00,F,1,385.35699999999997,100pg,20000,c,quarter,Clinical_041a
102,00:20:00,A,3,465.35699999999997,1ng,200000,a,full,H37Rv
103,00:20:00,B,3,451.283,1ng,200000,b,full,H37Rv
104,00:20:00,C,3,474.49199999999996,1ng,200000,c,full,H37Rv
105,00:20:00,D,3,506.023,1ng,200000,a,quarter,H37Rv
106,00:20:00,E,3,515.053,1ng,200000,b,quarter,H37Rv
107,00:20:00,F,3,478.195,1ng,200000,c,quarter,H37Rv
108,00:20:00,A,5,472.545,100pg,20000,a,full,H37Rv
109,00:20:00,B,5,435.751,100pg,20000,b,full,H37Rv
110,00:20:00,C,5,435.472,100pg,20000,c,full,H37Rv
111,00:20:00,D,5,484.087,100pg,20000,a,quarter,H37Rv
112,00:20:00,E,5,448.894,100pg,20000,b,quarter,H37Rv
113,00:20:00,F,5,570.181,100pg,20000,c,quarter,H37Rv
114,00:20:00,A,7,483.376,10pg,2000,a,full,H37Rv
115,00:20:00,B,7,468.56800000000004,10pg,2000,b,full,H37Rv
116,00:20:00,C,7,485.69800000000004,10pg,2000,c,full,H37Rv
117,00:20:00,D,7,529.268,10pg,2000,a,quarter,H37Rv
118,00:20:00,E,7,508.207,10pg,2000,b,quarter,H37Rv
119,00:20:00,F,7,539.136,10pg,2000,c,quarter,H37Rv
120,00:20:00,A,9,523.0369999999999,1pg,200,a,full,H37Rv
121,00:20:00,B,9,451.884,1pg,200,b,full,H37Rv
122,00:20:00,C,9,474.286,1pg,200,c,full,H37Rv
123,00:20:00,D,9,488.43,1pg,200,a,quarter,H37Rv
124,00:20:00,E,9,479.92400000000004,1pg,200,b,quarter,H37Rv
125,00:20:00,F,9,556.1569999999999,1pg,200,c,quarter,H37Rv
126,00:20:00,A,11,521.377,100fg,20,a,full,H37Rv
127,00:20:00,B,11,496.43300000000005,100fg,20,b,full,H37Rv
128,00:20:00,C,11,479.834,100fg,20,c,full,H37Rv
129,00:20:00,D,11,527.06,100fg,20,a,quarter,H37Rv
130,00:20:00,E,11,528.839,100fg,20,b,quarter,H37Rv
131,00:20:00,F,11,521.476,100fg,20,c,quarter,H37Rv
132,00:20:00,A,13,512.13,10fg,2,a,full,H37Rv
133,00:20:00,B,13,379.81300000000005,10fg,2,b,full,H37Rv
134,00:20:00,C,13,504.186,10fg,2,c,full,H37Rv
135,00:20:00,D,13,15.209000000000001,H20_RPA,0,a,quarter,H20_RPA
136,00:20:00,E,13,15.004000000000001,H20_RPA,0,b,quarter,H20_RPA
137,00:20:00,F,13,10.546,H20_RPA,0,c,quarter,H20_RPA
138,00:20:00,A,15,9.689,H20_RPA,0,a,full,H20_RPA
139,00:20:00,B,15,10.927999999999999,H20_RPA,0,b,full,H20_RPA
140,00:20:00,C,15,14.145,H20_RPA,0,c,full,H20_RPA
141,00:20:00,D,15,10.16,H20_cas12a,0,a,quarter,H20_cas12a
142,00:20:00,E,15,9.259,H20_cas12a,0,b,quarter,H20_cas12a
143,00:20:00,F,15,7.018,H20_cas12a,0,c,quarter,H20_cas12a
144,,A,1,,100pg,20000,a,full,Clinical_041a
145,,B,1,,100pg,20000,b,full,Clinical_041a
146,,C,1,,100pg,20000,c,full,Clinical_041a
147,,D,1,,100pg,20000,a,quarter,Clinical_041a
148,,E,1,,100pg,20000,b,quarter,Clinical_041a
149,,F,1,,100pg,20000,c,quarter,Clinical_041a
150,,A,3,,1ng,200000,a,full,H37Rv
151,,B,3,,1ng,200000,b,full,H37Rv
152,,C,3,,1ng,200000,c,full,H37Rv
153,,D,3,,1ng,200000,a,quarter,H37Rv
154,,E,3,,1ng,200000,b,quarter,H37Rv
155,,F,3,,1ng,200000,c,quarter,H37Rv
156,,A,5,,100pg,20000,a,full,H37Rv
157,,B,5,,100pg,20000,b,full,H37Rv
158,,C,5,,100pg,20000,c,full,H37Rv
159,,D,5,,100pg,20000,a,quarter,H37Rv
160,,E,5,,100pg,20000,b,quarter,H37Rv
161,,F,5,,100pg,20000,c,quarter,H37Rv
162,,A,7,,10pg,2000,a,full,H37Rv
163,,B,7,,10pg,2000,b,full,H37Rv
164,,C,7,,10pg,2000,c,full,H37Rv
165,,D,7,,10pg,2000,a,quarter,H37Rv
166,,E,7,,10pg,2000,b,quarter,H37Rv
167,,F,7,,10pg,2000,c,quarter,H37Rv
168,,A,9,,1pg,200,a,full,H37Rv
169,,B,9,,1pg,200,b,full,H37Rv
170,,C,9,,1pg,200,c,full,H37Rv
171,,D,9,,1pg,200,a,quarter,H37Rv
172,,E,9,,1pg,200,b,quarter,H37Rv
173,,F,9,,1pg,200,c,quarter,H37Rv
174,,A,11,,100fg,20,a,full,H37Rv
175,,B,11,,100fg,20,b,full,H37Rv
176,,C,11,,100fg,20,c,full,H37Rv
177,,D,11,,100fg,20,a,quarter,H37Rv
178,,E,11,,100fg,20,b,quarter,H37Rv
179,,F,11,,100fg,20,c,quarter,H37Rv
180,,A,13,,10fg,2,a,full,H37Rv
181,,B,13,,10fg,2,b,full,H37Rv
182,,C,13,,10fg,2,c,full,H37Rv
183,,D,13,,H20_RPA,0,a,quarter,H20_RPA
184,,E,13,,H20_RPA,0,b,quarter,H20_RPA
185,,F,13,,H20_RPA,0,c,quarter,H20_RPA
186,,A,15,,H20_RPA,0,a,full,H20_RPA
187,,B,15,,H20_RPA,0,b,full,H20_RPA
188,,C,15,,H20_RPA,0,c,full,H20_RPA
189,,D,15,,H20_cas12a,0,a,quarter,H20_cas12a
190,,E,15,,H20_cas12a,0,b,quarter,H20_cas12a
191,,F,15,,H20_cas12a,0,c,quarter,H20_cas12a
192,,A,1,,100pg,20000,a,full,Clinical_041a
193,,B,1,,100pg,20000,b,full,Clinical_041a
194,,C,1,,100pg,20000,c,full,Clinical_041a
195,,D,1,,100pg,20000,a,quarter,Clinical_041a
196,,E,1,,100pg,20000,b,quarter,Clinical_041a
197,,F,1,,100pg,20000,c,quarter,Clinical_041a
198,,A,3,,1ng,200000,a,full,H37Rv
199,,B,3,,1ng,200000,b,full,H37Rv
200,,C,3,,1ng,200000,c,full,H37Rv
201,,D,3,,1ng,200000,a,quarter,H37Rv
202,,E,3,,1ng,200000,b,quarter,H37Rv
203,,F,3,,1ng,200000,c,quarter,H37Rv
204,,A,5,,100pg,20000,a,full,H37Rv
205,,B,5,,100pg,20000,b,full,H37Rv
206,,C,5,,100pg,20000,c,full,H37Rv
207,,D,5,,100pg,20000,a,quarter,H37Rv
208,,E,5,,100pg,20000,b,quarter,H37Rv
209,,F,5,,100pg,20000,c,quarter,H37Rv
210,,A,7,,10pg,2000,a,full,H37Rv
211,,B,7,,10pg,2000,b,full,H37Rv
212,,C,7,,10pg,2000,c,full,H37Rv
213,,D,7,,10pg,2000,a,quarter,H37Rv
214,,E,7,,10pg,2000,b,quarter,H37Rv
215,,F,7,,10pg,2000,c,quarter,H37Rv
216,,A,9,,1pg,200,a,full,H37Rv
217,,B,9,,1pg,200,b,full,H37Rv
218,,C,9,,1pg,200,c,full,H37Rv
219,,D,9,,1pg,200,a,quarter,H37Rv
220,,E,9,,1pg,200,b,quarter,H37Rv
221,,F,9,,1pg,200,c,quarter,H37Rv
222,,A,11,,100fg,20,a,full,H37Rv
223,,B,11,,100fg,20,b,full,H37Rv
224,,C,11,,100fg,20,c,full,H37Rv
225,,D,11,,100fg,20,a,quarter,H37Rv
226,,E,11,,100fg,20,b,quarter,H37Rv
227,,F,11,,100fg,20,c,quarter,H37Rv
228,,A,13,,10fg,2,a,full,H37Rv
229,,B,13,,10fg,2,b,full,H37Rv
230,,C,13,,10fg,2,c,full,H37Rv
231,,D,13,,H20_RPA,0,a,quarter,H20_RPA
232,,E,13,,H20_RPA,0,b,quarter,H20_RPA
233,,F,13,,H20_RPA,0,c,quarter,H20_RPA
234,,A,15,,H20_RPA,0,a,full,H20_RPA
235,,B,15,,H20_RPA,0,b,full,H20_RPA
236,,C,15,,H20_RPA,0,c,full,H20_RPA
237,,D,15,,H20_cas12a,0,a,quarter,H20_cas12a
238,,E,15,,H20_cas12a,0,b,quarter,H20_cas12a
239,,F,15,,H20_cas12a,0,c,quarter,H20_cas12a
240,,A,1,,100pg,20000,a,full,Clinical_041a
241,,B,1,,100pg,20000,b,full,Clinical_041a
242,,C,1,,100pg,20000,c,full,Clinical_041a
243,,D,1,,100pg,20000,a,quarter,Clinical_041a
244,,E,1,,100pg,20000,b,quarter,Clinical_041a
245,,F,1,,100pg,20000,c,quarter,Clinical_041a
246,,A,3,,1ng,200000,a,full,H37Rv
247,,B,3,,1ng,200000,b,full,H37Rv
248,,C,3,,1ng,200000,c,full,H37Rv
249,,D,3,,1ng,200000,a,quarter,H37Rv
250,,E,3,,1ng,200000,b,quarter,H37Rv
251,,F,3,,1ng,200000,c,quarter,H37Rv
252,,A,5,,100pg,20000,a,full,H37Rv
253,,B,5,,100pg,20000,b,full,H37Rv
254,,C,5,,100pg,20000,c,full,H37Rv
255,,D,5,,100pg,20000,a,quarter,H37Rv
256,,E,5,,100pg,20000,b,quarter,H37Rv
257,,F,5,,100pg,20000,c,quarter,H37Rv
258,,A,7,,10pg,2000,a,full,H37Rv
259,,B,7,,10pg,2000,b,full,H37Rv
260,,C,7,,10pg,2000,c,full,H37Rv
261,,D,7,,10pg,2000,a,quarter,H37Rv
262,,E,7,,10pg,2000,b,quarter,H37Rv
263,,F,7,,10pg,2000,c,quarter,H37Rv
264,,A,9,,1pg,200,a,full,H37Rv
265,,B,9,,1pg,200,b,full,H37Rv
266,,C,9,,1pg,200,c,full,H37Rv
267,,D,9,,1pg,200,a,quarter,H37Rv
268,,E,9,,1pg,200,b,quarter,H37Rv
269,,F,9,,1pg,200,c,quarter,H37Rv
270,,A,11,,100fg,20,a,full,H37Rv
271,,B,11,,100fg,20,b,full,H37Rv
272,,C,11,,100fg,20,c,full,H37Rv
273,,D,11,,100fg,20,a,quarter,H37Rv
274,,E,11,,100fg,20,b,quarter,H37Rv
275,,F,11,,100fg,20,c,quarter,H37Rv
276,,A,13,,10fg,2,a,full,H37Rv
277,,B,13,,10fg,2,b,full,H37Rv
278,,C,13,,10fg,2,c,full,H37Rv
279,,D,13,,H20_RPA,0,a,quarter,H20_RPA
280,,E,13,,H20_RPA,0,b,quarter,H20_RPA
281,,F,13,,H20_RPA,0,c,quarter,H20_RPA
282,,A,15,,H20_RPA,0,a,full,H20_RPA
283,,B,15,,H20_RPA,0,b,full,H20_RPA
284,,C,15,,H20_RPA,0,c,full,H20_RPA
285,,D,15,,H20_cas12a,0,a,quarter,H20_cas12a
286,,E,15,,H20_cas12a,0,b,quarter,H20_cas12a
287,,F,15,,H20_cas12a,0,c,quarter,H20_cas12a
288,,A,1,,100pg,20000,a,full,Clinical_041a
289,,B,1,,100pg,20000,b,full,Clinical_041a
290,,C,1,,100pg,20000,c,full,Clinical_041a
291,,D,1,,100pg,20000,a,quarter,Clinical_041a
292,,E,1,,100pg,20000,b,quarter,Clinical_041a
293,,F,1,,100pg,20000,c,quarter,Clinical_041a
294,,A,3,,1ng,200000,a,full,H37Rv
295,,B,3,,1ng,200000,b,full,H37Rv
296,,C,3,,1ng,200000,c,full,H37Rv
297,,D,3,,1ng,200000,a,quarter,H37Rv
298,,E,3,,1ng,200000,b,quarter,H37Rv
299,,F,3,,1ng,200000,c,quarter,H37Rv
300,,A,5,,100pg,20000,a,full,H37Rv
301,,B,5,,100pg,20000,b,full,H37Rv
302,,C,5,,100pg,20000,c,full,H37Rv
303,,D,5,,100pg,20000,a,quarter,H37Rv
304,,E,5,,100pg,20000,b,quarter,H37Rv
305,,F,5,,100pg,20000,c,quarter,H37Rv
306,,A,7,,10pg,2000,a,full,H37Rv
307,,B,7,,10pg,2000,b,full,H37Rv
308,,C,7,,10pg,2000,c,full,H37Rv
309,,D,7,,10pg,2000,a,quarter,H37Rv
310,,E,7,,10pg,2000,b,quarter,H37Rv
311,,F,7,,10pg,2000,c,quarter,H37Rv
312,,A,9,,1pg,200,a,full,H37Rv
313,,B,9,,1pg,200,b,full,H37Rv
314,,C,9,,1pg,200,c,full,H37Rv
315,,D,9,,1pg,200,a,quarter,H37Rv
316,,E,9,,1pg,200,b,quarter,H37Rv
317,,F,9,,1pg,200,c,quarter,H37Rv
318,,A,11,,100fg,20,a,full,H37Rv
319,,B,11,,100fg,20,b,full,H37Rv
320,,C,11,,100fg,20,c,full,H37Rv
321,,D,11,,100fg,20,a,quarter,H37Rv
322,,E,11,,100fg,20,b,quarter,H37Rv
323,,F,11,,100fg,20,c,quarter,H37Rv
324,,A,13,,10fg,2,a,full,H37Rv
325,,B,13,,10fg,2,b,full,H37Rv
326,,C,13,,10fg,2,c,full,H37Rv
327,,D,13,,H20_RPA,0,a,quarter,H20_RPA
328,,E,13,,H20_RPA,0,b,quarter,H20_RPA
329,,F,13,,H20_RPA,0,c,quarter,H20_RPA
330,,A,15,,H20_RPA,0,a,full,H20_RPA
331,,B,15,,H20_RPA,0,b,full,H20_RPA
332,,C,15,,H20_RPA,0,c,full,H20_RPA
333,,D,15,,H20_cas12a,0,a,quarter,H20_cas12a
334,,E,15,,H20_cas12a,0,b,quarter,H20_cas12a
335,,F,15,,H20_cas12a,0,c,quarter,H20_cas12a
336,,A,1,,100pg,20000,a,full,Clinical_041a
337,,B,1,,100pg,20000,b,full,Clinical_041a
338,,C,1,,100pg,20000,c,full,Clinical_041a
339,,D,1,,100pg,20000,a,quarter,Clinical_041a
340,,E,1,,100pg,20000,b,quarter,Clinical_041a
341,,F,1,,100pg,20000,c,quarter,Clinical_041a
342,,A,3,,1ng,200000,a,full,H37Rv
343,,B,3,,1ng,200000,b,full,H37Rv
344,,C,3,,1ng,200000,c,full,H37Rv
345,,D,3,,1ng,200000,a,quarter,H37Rv
346,,E,3,,1ng,200000,b,quarter,H37Rv
347,,F,3,,1ng,200000,c,quarter,H37Rv
348,,A,5,,100pg,20000,a,full,H37Rv
349,,B,5,,100pg,20000,b,full,H37Rv
350,,C,5,,100pg,20000,c,full,H37Rv
351,,D,5,,100pg,20000,a,quarter,H37Rv
352,,E,5,,100pg,20000,b,quarter,H37Rv
353,,F,5,,100pg,20000,c,quarter,H37Rv
354,,A,7,,10pg,2000,a,full,H37Rv
355,,B,7,,10pg,2000,b,full,H37Rv
356,,C,7,,10pg,2000,c,full,H37Rv
357,,D,7,,10pg,2000,a,quarter,H37Rv
358,,E,7,,10pg,2000,b,quarter,H37Rv
359,,F,7,,10pg,2000,c,quarter,H37Rv
360,,A,9,,1pg,200,a,full,H37Rv
361,,B,9,,1pg,200,b,full,H37Rv
362,,C,9,,1pg,200,c,full,H37Rv
363,,D,9,,1pg,200,a,quarter,H37Rv
364,,E,9,,1pg,200,b,quarter,H37Rv
365,,F,9,,1pg,200,c,quarter,H37Rv
366,,A,11,,100fg,20,a,full,H37Rv
367,,B,11,,100fg,20,b,full,H37Rv
368,,C,11,,100fg,20,c,full,H37Rv
369,,D,11,,100fg,20,a,quarter,H37Rv
370,,E,11,,100fg,20,b,quarter,H37Rv
371,,F,11,,100fg,20,c,quarter,H37Rv
372,,A,13,,10fg,2,a,full,H37Rv
373,,B,13,,10fg,2,b,full,H37Rv
374,,C,13,,10fg,2,c,full,H37Rv
375,,D,13,,H20_RPA,0,a,quarter,H20_RPA
376,,E,13,,H20_RPA,0,b,quarter,H20_RPA
377,,F,13,,H20_RPA,0,c,quarter,H20_RPA
378,,A,15,,H20_RPA,0,a,full,H20_RPA
379,,B,15,,H20_RPA,0,b,full,H20_RPA
380,,C,15,,H20_RPA,0,c,full,H20_RPA
381,,D,15,,H20_cas12a,0,a,quarter,H20_cas12a
382,,E,15,,H20_cas12a,0,b,quarter,H20_cas12a
383,,F,15,,H20_cas12a,0,c,quarter,H20_cas12a
384,,A,1,,100pg,20000,a,full,Clinical_041a
385,,B,1,,100pg,20000,b,full,Clinical_041a
386,,C,1,,100pg,20000,c,full,Clinical_041a
387,,D,1,,100pg,20000,a,quarter,Clinical_041a
388,,E,1,,100pg,20000,b,quarter,Clinical_041a
389,,F,1,,100pg,20000,c,quarter,Clinical_041a
390,,A,3,,1ng,200000,a,full,H37Rv
391,,B,3,,1ng,200000,b,full,H37Rv
392,,C,3,,1ng,200000,c,full,H37Rv
393,,D,3,,1ng,200000,a,quarter,H37Rv
394,,E,3,,1ng,200000,b,quarter,H37Rv
395,,F,3,,1ng,200000,c,quarter,H37Rv
396,,A,5,,100pg,20000,a,full,H37Rv
397,,B,5,,100pg,20000,b,full,H37Rv
398,,C,5,,100pg,20000,c,full,H37Rv
399,,D,5,,100pg,20000,a,quarter,H37Rv
400,,E,5,,100pg,20000,b,quarter,H37Rv
401,,F,5,,100pg,20000,c,quarter,H37Rv
402,,A,7,,10pg,2000,a,full,H37Rv
403,,B,7,,10pg,2000,b,full,H37Rv
404,,C,7,,10pg,2000,c,full,H37Rv
405,,D,7,,10pg,2000,a,quarter,H37Rv
406,,E,7,,10pg,2000,b,quarter,H37Rv
407,,F,7,,10pg,2000,c,quarter,H37Rv
408,,A,9,,1pg,200,a,full,H37Rv
409,,B,9,,1pg,200,b,full,H37Rv
410,,C,9,,1pg,200,c,full,H37Rv
411,,D,9,,1pg,200,a,quarter,H37Rv
412,,E,9,,1pg,200,b,quarter,H37Rv
413,,F,9,,1pg,200,c,quarter,H37Rv
414,,A,11,,100fg,20,a,full,H37Rv
415,,B,11,,100fg,20,b,full,H37Rv
416,,C,11,,100fg,20,c,full,H37Rv
417,,D,11,,100fg,20,a,quarter,H37Rv
418,,E,11,,100fg,20,b,quarter,H37Rv
419,,F,11,,100fg,20,c,quarter,H37Rv
420,,A,13,,10fg,2,a,full,H37Rv
421,,B,13,,10fg,2,b,full,H37Rv
422,,C,13,,10fg,2,c,full,H37Rv
423,,D,13,,H20_RPA,0,a,quarter,H20_RPA
424,,E,13,,H20_RPA,0,b,quarter,H20_RPA
425,,F,13,,H20_RPA,0,c,quarter,H20_RPA
426,,A,15,,H20_RPA,0,a,full,H20_RPA
427,,B,15,,H20_RPA,0,b,full,H20_RPA
428,,C,15,,H20_RPA,0,c,full,H20_RPA
429,,D,15,,H20_cas12a,0,a,quarter,H20_cas12a
430,,E,15,,H20_cas12a,0,b,quarter,H20_cas12a
431,,F,15,,H20_cas12a,0,c,quarter,H20_cas12a
432,,A,1,,100pg,20000,a,full,Clinical_041a
433,,B,1,,100pg,20000,b,full,Clinical_041a
434,,C,1,,100pg,20000,c,full,Clinical_041a
435,,D,1,,100pg,20000,a,quarter,Clinical_041a
436,,E,1,,100pg,20000,b,quarter,Clinical_041a
437,,F,1,,100pg,20000,c,quarter,Clinical_041a
438,,A,3,,1ng,200000,a,full,H37Rv
439,,B,3,,1ng,200000,b,full,H37Rv
440,,C,3,,1ng,200000,c,full,H37Rv
441,,D,3,,1ng,200000,a,quarter,H37Rv
442,,E,3,,1ng,200000,b,quarter,H37Rv
443,,F,3,,1ng,200000,c,quarter,H37Rv
444,,A,5,,100pg,20000,a,full,H37Rv
445,,B,5,,100pg,20000,b,full,H37Rv
446,,C,5,,100pg,20000,c,full,H37Rv
447,,D,5,,100pg,20000,a,quarter,H37Rv
448,,E,5,,100pg,20000,b,quarter,H37Rv
449,,F,5,,100pg,20000,c,quarter,H37Rv
450,,A,7,,10pg,2000,a,full,H37Rv
451,,B,7,,10pg,2000,b,full,H37Rv
452,,C,7,,10pg,2000,c,full,H37Rv
453,,D,7,,10pg,2000,a,quarter,H37Rv
454,,E,7,,10pg,2000,b,quarter,H37Rv
455,,F,7,,10pg,2000,c,quarter,H37Rv
456,,A,9,,1pg,200,a,full,H37Rv
457,,B,9,,1pg,200,b,full,H37Rv
458,,C,9,,1pg,200,c,full,H37Rv
459,,D,9,,1pg,200,a,quarter,H37Rv
460,,E,9,,1pg,200,b,quarter,H37Rv
461,,F,9,,1pg,200,c,quarter,H37Rv
462,,A,11,,100fg,20,a,full,H37Rv
463,,B,11,,100fg,20,b,full,H37Rv
464,,C,11,,100fg,20,c,full,H37Rv
465,,D,11,,100fg,20,a,quarter,H37Rv
466,,E,11,,100fg,20,b,quarter,H37Rv
467,,F,11,,100fg,20,c,quarter,H37Rv
468,,A,13,,10fg,2,a,full,H37Rv
469,,B,13,,10fg,2,b,full,H37Rv
470,,C,13,,10fg,2,c,full,H37Rv
471,,D,13,,H20_RPA,0,a,quarter,H20_RPA
472,,E,13,,H20_RPA,0,b,quarter,H20_RPA
473,,F,13,,H20_RPA,0,c,quarter,H20_RPA
474,,A,15,,H20_RPA,0,a,full,H20_RPA
475,,B,15,,H20_RPA,0,b,full,H20_RPA
476,,C,15,,H20_RPA,0,c,full,H20_RPA
477,,D,15,,H20_cas12a,0,a,quarter,H20_cas12a
478,,E,15,,H20_cas12a,0,b,quarter,H20_cas12a
479,,F,15,,H20_cas12a,0,c,quarter,H20_cas12a
480,,A,1,,100pg,20000,a,full,Clinical_041a
481,,B,1,,100pg,20000,b,full,Clinical_041a
482,,C,1,,100pg,20000,c,full,Clinical_041a
483,,D,1,,100pg,20000,a,quarter,Clinical_041a
484,,E,1,,100pg,20000,b,quarter,Clinical_041a
485,,F,1,,100pg,20000,c,quarter,Clinical_041a
486,,A,3,,1ng,200000,a,full,H37Rv
487,,B,3,,1ng,200000,b,full,H37Rv
488,,C,3,,1ng,200000,c,full,H37Rv
489,,D,3,,1ng,200000,a,quarter,H37Rv
490,,E,3,,1ng,200000,b,quarter,H37Rv
491,,F,3,,1ng,200000,c,quarter,H37Rv
492,,A,5,,100pg,20000,a,full,H37Rv
493,,B,5,,100pg,20000,b,full,H37Rv
494,,C,5,,100pg,20000,c,full,H37Rv
495,,D,5,,100pg,20000,a,quarter,H37Rv
496,,E,5,,100pg,20000,b,quarter,H37Rv
497,,F,5,,100pg,20000,c,quarter,H37Rv
498,,A,7,,10pg,2000,a,full,H37Rv
499,,B,7,,10pg,2000,b,full,H37Rv
500,,C,7,,10pg,2000,c,full,H37Rv
501,,D,7,,10pg,2000,a,quarter,H37Rv
502,,E,7,,10pg,2000,b,quarter,H37Rv
503,,F,7,,10pg,2000,c,quarter,H37Rv
504,,A,9,,1pg,200,a,full,H37Rv
505,,B,9,,1pg,200,b,full,H37Rv
506,,C,9,,1pg,200,c,full,H37Rv
507,,D,9,,1pg,200,a,quarter,H37Rv
508,,E,9,,1pg,200,b,quarter,H37Rv
509,,F,9,,1pg,200,c,quarter,H37Rv
510,,A,11,,100fg,20,a,full,H37Rv
511,,B,11,,100fg,20,b,full,H37Rv
512,,C,11,,100fg,20,c,full,H37Rv
513,,D,11,,100fg,20,a,quarter,H37Rv
514,,E,11,,100fg,20,b,quarter,H37Rv
515,,F,11,,100fg,20,c,quarter,H37Rv
516,,A,13,,10fg,2,a,full,H37Rv
517,,B,13,,10fg,2,b,full,H37Rv
518,,C,13,,10fg,2,c,full,H37Rv
519,,D,13,,H20_RPA,0,a,quarter,H20_RPA
520,,E,13,,H20_RPA,0,b,quarter,H20_RPA
521,,F,13,,H20_RPA,0,c,quarter,H20_RPA
522,,A,15,,H20_RPA,0,a,full,H20_RPA
523,,B,15,,H20_RPA,0,b,full,H20_RPA
524,,C,15,,H20_RPA,0,c,full,H20_RPA
525,,D,15,,H20_cas12a,0,a,quarter,H20_cas12a
526,,E,15,,H20_cas12a,0,b,quarter,H20_cas12a
527,,F,15,,H20_cas12a,0,c,quarter,H20_cas12a
528,,A,1,,100pg,20000,a,full,Clinical_041a
529,,B,1,,100pg,20000,b,full,Clinical_041a
530,,C,1,,100pg,20000,c,full,Clinical_041a
531,,D,1,,100pg,20000,a,quarter,Clinical_041a
532,,E,1,,100pg,20000,b,quarter,Clinical_041a
533,,F,1,,100pg,20000,c,quarter,Clinical_041a
534,,A,3,,1ng,200000,a,full,H37Rv
535,,B,3,,1ng,200000,b,full,H37Rv
536,,C,3,,1ng,200000,c,full,H37Rv
537,,D,3,,1ng,200000,a,quarter,H37Rv
538,,E,3,,1ng,200000,b,quarter,H37Rv
539,,F,3,,1ng,200000,c,quarter,H37Rv
540,,A,5,,100pg,20000,a,full,H37Rv
541,,B,5,,100pg,20000,b,full,H37Rv
542,,C,5,,100pg,20000,c,full,H37Rv
543,,D,5,,100pg,20000,a,quarter,H37Rv
544,,E,5,,100pg,20000,b,quarter,H37Rv
545,,F,5,,100pg,20000,c,quarter,H37Rv
546,,A,7,,10pg,2000,a,full,H37Rv
547,,B,7,,10pg,2000,b,full,H37Rv
548,,C,7,,10pg,2000,c,full,H37Rv
549,,D,7,,10pg,2000,a,quarter,H37Rv
550,,E,7,,10pg,2000,b,quarter,H37Rv
551,,F,7,,10pg,2000,c,quarter,H37Rv
552,,A,9,,1pg,200,a,full,H37Rv
553,,B,9,,1pg,200,b,full,H37Rv
554,,C,9,,1pg,200,c,full,H37Rv
555,,D,9,,1pg,200,a,quarter,H37Rv
556,,E,9,,1pg,200,b,quarter,H37Rv
557,,F,9,,1pg,200,c,quarter,H37Rv
558,,A,11,,100fg,20,a,full,H37Rv
559,,B,11,,100fg,20,b,full,H37Rv
560,,C,11,,100fg,20,c,full,H37Rv
561,,D,11,,100fg,20,a,quarter,H37Rv
562,,E,11,,100fg,20,b,quarter,H37Rv
563,,F,11,,100fg,20,c,quarter,H37Rv
564,,A,13,,10fg,2,a,full,H37Rv
565,,B,13,,10fg,2,b,full,H37Rv
566,,C,13,,10fg,2,c,full,H37Rv
567,,D,13,,H20_RPA,0,a,quarter,H20_RPA
568,,E,13,,H20_RPA,0,b,quarter,H20_RPA
569,,F,13,,H20_RPA,0,c,quarter,H20_RPA
570,,A,15,,H20_RPA,0,a,full,H20_RPA
571,,B,15,,H20_RPA,0,b,full,H20_RPA
572,,C,15,,H20_RPA,0,c,full,H20_RPA
573,,D,15,,H20_cas12a,0,a,quarter,H20_cas12a
574,,E,15,,H20_cas12a,0,b,quarter,H20_cas12a
575,,F,15,,H20_cas12a,0,c,quarter,H20_cas12a
576,,A,1,,100pg,20000,a,full,Clinical_041a
577,,B,1,,100pg,20000,b,full,Clinical_041a
578,,C,1,,100pg,20000,c,full,Clinical_041a
579,,D,1,,100pg,20000,a,quarter,Clinical_041a
580,,E,1,,100pg,20000,b,quarter,Clinical_041a
581,,F,1,,100pg,20000,c,quarter,Clinical_041a
582,,A,3,,1ng,200000,a,full,H37Rv
583,,B,3,,1ng,200000,b,full,H37Rv
584,,C,3,,1ng,200000,c,full,H37Rv
585,,D,3,,1ng,200000,a,quarter,H37Rv
586,,E,3,,1ng,200000,b,quarter,H37Rv
587,,F,3,,1ng,200000,c,quarter,H37Rv
588,,A,5,,100pg,20000,a,full,H37Rv
589,,B,5,,100pg,20000,b,full,H37Rv
590,,C,5,,100pg,20000,c,full,H37Rv
591,,D,5,,100pg,20000,a,quarter,H37Rv
592,,E,5,,100pg,20000,b,quarter,H37Rv
593,,F,5,,100pg,20000,c,quarter,H37Rv
594,,A,7,,10pg,2000,a,full,H37Rv
595,,B,7,,10pg,2000,b,full,H37Rv
596,,C,7,,10pg,2000,c,full,H37Rv
597,,D,7,,10pg,2000,a,quarter,H37Rv
598,,E,7,,10pg,2000,b,quarter,H37Rv
599,,F,7,,10pg,2000,c,quarter,H37Rv
600,,A,9,,1pg,200,a,full,H37Rv
601,,B,9,,1pg,200,b,full,H37Rv
602,,C,9,,1pg,200,c,full,H37Rv
603,,D,9,,1pg,200,a,quarter,H37Rv
604,,E,9,,1pg,200,b,quarter,H37Rv
605,,F,9,,1pg,200,c,quarter,H37Rv
606,,A,11,,100fg,20,a,full,H37Rv
607,,B,11,,100fg,20,b,full,H37Rv
608,,C,11,,100fg,20,c,full,H37Rv
609,,D,11,,100fg,20,a,quarter,H37Rv
610,,E,11,,100fg,20,b,quarter,H37Rv
611,,F,11,,100fg,20,c,quarter,H37Rv
612,,A,13,,10fg,2,a,full,H37Rv
613,,B,13,,10fg,2,b,full,H37Rv
614,,C,13,,10fg,2,c,full,H37Rv
615,,D,13,,H20_RPA,0,a,quarter,H20_RPA
616,,E,13,,H20_RPA,0,b,quarter,H20_RPA
617,,F,13,,H20_RPA,0,c,quarter,H20_RPA
618,,A,15,,H20_RPA,0,a,full,H20_RPA
619,,B,15,,H20_RPA,0,b,full,H20_RPA
620,,C,15,,H20_RPA,0,c,full,H20_RPA
621,,D,15,,H20_cas12a,0,a,quarter,H20_cas12a
622,,E,15,,H20_cas12a,0,b,quarter,H20_cas12a
623,,F,15,,H20_cas12a,0,c,quarter,H20_cas12a
624,,A,1,,100pg,20000,a,full,Clinical_041a
625,,B,1,,100pg,20000,b,full,Clinical_041a
626,,C,1,,100pg,20000,c,full,Clinical_041a
627,,D,1,,100pg,20000,a,quarter,Clinical_041a
628,,E,1,,100pg,20000,b,quarter,Clinical_041a
629,,F,1,,100pg,20000,c,quarter,Clinical_041a
630,,A,3,,1ng,200000,a,full,H37Rv
631,,B,3,,1ng,200000,b,full,H37Rv
632,,C,3,,1ng,200000,c,full,H37Rv
633,,D,3,,1ng,200000,a,quarter,H37Rv
634,,E,3,,1ng,200000,b,quarter,H37Rv
635,,F,3,,1ng,200000,c,quarter,H37Rv
636,,A,5,,100pg,20000,a,full,H37Rv
637,,B,5,,100pg,20000,b,full,H37Rv
638,,C,5,,100pg,20000,c,full,H37Rv
639,,D,5,,100pg,20000,a,quarter,H37Rv
640,,E,5,,100pg,20000,b,quarter,H37Rv
641,,F,5,,100pg,20000,c,quarter,H37Rv
642,,A,7,,10pg,2000,a,full,H37Rv
643,,B,7,,10pg,2000,b,full,H37Rv
644,,C,7,,10pg,2000,c,full,H37Rv
645,,D,7,,10pg,2000,a,quarter,H37Rv
646,,E,7,,10pg,2000,b,quarter,H37Rv
647,,F,7,,10pg,2000,c,quarter,H37Rv
648,,A,9,,1pg,200,a,full,H37Rv
649,,B,9,,1pg,200,b,full,H37Rv
650,,C,9,,1pg,200,c,full,H37Rv
651,,D,9,,1pg,200,a,quarter,H37Rv
652,,E,9,,1pg,200,b,quarter,H37Rv
653,,F,9,,1pg,200,c,quarter,H37Rv
654,,A,11,,100fg,20,a,full,H37Rv
655,,B,11,,100fg,20,b,full,H37Rv
656,,C,11,,100fg,20,c,full,H37Rv
657,,D,11,,100fg,20,a,quarter,H37Rv
658,,E,11,,100fg,20,b,quarter,H37Rv
659,,F,11,,100fg,20,c,quarter,H37Rv
660,,A,13,,10fg,2,a,full,H37Rv
661,,B,13,,10fg,2,b,full,H37Rv
662,,C,13,,10fg,2,c,full,H37Rv
663,,D,13,,H20_RPA,0,a,quarter,H20_RPA
664,,E,13,,H20_RPA,0,b,quarter,H20_RPA
665,,F,13,,H20_RPA,0,c,quarter,H20_RPA
666,,A,15,,H20_RPA,0,a,full,H20_RPA
667,,B,15,,H20_RPA,0,b,full,H20_RPA
668,,C,15,,H20_RPA,0,c,full,H20_RPA
669,,D,15,,H20_cas12a,0,a,quarter,H20_cas12a
670,,E,15,,H20_cas12a,0,b,quarter,H20_cas12a
671,,F,15,,H20_cas12a,0,c,quarter,H20_cas12a
672,,A,1,,100pg,20000,a,full,Clinical_041a
673,,B,1,,100pg,20000,b,full,Clinical_041a
674,,C,1,,100pg,20000,c,full,Clinical_041a
675,,D,1,,100pg,20000,a,quarter,Clinical_041a
676,,E,1,,100pg,20000,b,quarter,Clinical_041a
677,,F,1,,100pg,20000,c,quarter,Clinical_041a
678,,A,3,,1ng,200000,a,full,H37Rv
679,,B,3,,1ng,200000,b,full,H37Rv
680,,C,3,,1ng,200000,c,full,H37Rv
681,,D,3,,1ng,200000,a,quarter,H37Rv
682,,E,3,,1ng,200000,b,quarter,H37Rv
683,,F,3,,1ng,200000,c,quarter,H37Rv
684,,A,5,,100pg,20000,a,full,H37Rv
685,,B,5,,100pg,20000,b,full,H37Rv
686,,C,5,,100pg,20000,c,full,H37Rv
687,,D,5,,100pg,20000,a,quarter,H37Rv
688,,E,5,,100pg,20000,b,quarter,H37Rv
689,,F,5,,100pg,20000,c,quarter,H37Rv
690,,A,7,,10pg,2000,a,full,H37Rv
691,,B,7,,10pg,2000,b,full,H37Rv
692,,C,7,,10pg,2000,c,full,H37Rv
693,,D,7,,10pg,2000,a,quarter,H37Rv
694,,E,7,,10pg,2000,b,quarter,H37Rv
695,,F,7,,10pg,2000,c,quarter,H37Rv
696,,A,9,,1pg,200,a,full,H37Rv
697,,B,9,,1pg,200,b,full,H37Rv
698,,C,9,,1pg,200,c,full,H37Rv
699,,D,9,,1pg,200,a,quarter,H37Rv
700,,E,9,,1pg,200,b,quarter,H37Rv
701,,F,9,,1pg,200,c,quarter,H37Rv
702,,A,11,,100fg,20,a,full,H37Rv
703,,B,11,,100fg,20,b,full,H37Rv
704,,C,11,,100fg,20,c,full,H37Rv
705,,D,11,,100fg,20,a,quarter,H37Rv
706,,E,11,,100fg,20,b,quarter,H37Rv
707,,F,11,,100fg,20,c,quarter,H37Rv
708,,A,13,,10fg,2,a,full,H37Rv
709,,B,13,,10fg,2,b,full,H37Rv
710,,C,13,,10fg,2,c,full,H37Rv
711,,D,13,,H20_RPA,0,a,quarter,H20_RPA
712,,E,13,,H20_RPA,0,b,quarter,H20_RPA
713,,F,13,,H20_RPA,0,c,quarter,H20_RPA
714,,A,15,,H20_RPA,0,a,full,H20_RPA
715,,B,15,,H20_RPA,0,b,full,H20_RPA
716,,C,15,,H20_RPA,0,c,full,H20_RPA
717,,D,15,,H20_cas12a,0,a,quarter,H20_cas12a
718,,E,15,,H20_cas12a,0,b,quarter,H20_cas12a
719,,F,15,,H20_cas12a,0,c,quarter,H20_cas12a
720,,A,1,,100pg,20000,a,full,Clinical_041a
721,,B,1,,100pg,20000,b,full,Clinical_041a
722,,C,1,,100pg,20000,c,full,Clinical_041a
723,,D,1,,100pg,20000,a,quarter,Clinical_041a
724,,E,1,,100pg,20000,b,quarter,Clinical_041a
725,,F,1,,100pg,20000,c,quarter,Clinical_041a
726,,A,3,,1ng,200000,a,full,H37Rv
727,,B,3,,1ng,200000,b,full,H37Rv
728,,C,3,,1ng,200000,c,full,H37Rv
729,,D,3,,1ng,200000,a,quarter,H37Rv
730,,E,3,,1ng,200000,b,quarter,H37Rv
731,,F,3,,1ng,200000,c,quarter,H37Rv
732,,A,5,,100pg,20000,a,full,H37Rv
733,,B,5,,100pg,20000,b,full,H37Rv
734,,C,5,,100pg,20000,c,full,H37Rv
735,,D,5,,100pg,20000,a,quarter,H37Rv
736,,E,5,,100pg,20000,b,quarter,H37Rv
737,,F,5,,100pg,20000,c,quarter,H37Rv
738,,A,7,,10pg,2000,a,full,H37Rv
739,,B,7,,10pg,2000,b,full,H37Rv
740,,C,7,,10pg,2000,c,full,H37Rv
741,,D,7,,10pg,2000,a,quarter,H37Rv
742,,E,7,,10pg,2000,b,quarter,H37Rv
743,,F,7,,10pg,2000,c,quarter,H37Rv
744,,A,9,,1pg,200,a,full,H37Rv
745,,B,9,,1pg,200,b,full,H37Rv
746,,C,9,,1pg,200,c,full,H37Rv
747,,D,9,,1pg,200,a,quarter,H37Rv
748,,E,9,,1pg,200,b,quarter,H37Rv
749,,F,9,,1pg,200,c,quarter,H37Rv
750,,A,11,,100fg,20,a,full,H37Rv
751,,B,11,,100fg,20,b,full,H37Rv
752,,C,11,,100fg,20,c,full,H37Rv
753,,D,11,,100fg,20,a,quarter,H37Rv
754,,E,11,,100fg,20,b,quarter,H37Rv
755,,F,11,,100fg,20,c,quarter,H37Rv
756,,A,13,,10fg,2,a,full,H37Rv
757,,B,13,,10fg,2,b,full,H37Rv
758,,C,13,,10fg,2,c,full,H37Rv
759,,D,13,,H20_RPA,0,a,quarter,H20_RPA
760,,E,13,,H20_RPA,0,b,quarter,H20_RPA
761,,F,13,,H20_RPA,0,c,quarter,H20_RPA
762,,A,15,,H20_RPA,0,a,full,H20_RPA
763,,B,15,,H20_RPA,0,b,full,H20_RPA
764,,C,15,,H20_RPA,0,c,full,H20_RPA
765,,D,15,,H20_cas12a,0,a,quarter,H20_cas12a
766,,E,15,,H20_cas12a,0,b,quarter,H20_cas12a
767,,F,15,,H20_cas12a,0,c,quarter,H20_cas12a
768,,A,1,,100pg,20000,a,full,Clinical_041a
769,,B,1,,100pg,20000,b,full,Clinical_041a
770,,C,1,,100pg,20000,c,full,Clinical_041a
771,,D,1,,100pg,20000,a,quarter,Clinical_041a
772,,E,1,,100pg,20000,b,quarter,Clinical_041a
773,,F,1,,100pg,20000,c,quarter,Clinical_041a
774,,A,3,,1ng,200000,a,full,H37Rv
775,,B,3,,1ng,200000,b,full,H37Rv
776,,C,3,,1ng,200000,c,full,H37Rv
777,,D,3,,1ng,200000,a,quarter,H37Rv
778,,E,3,,1ng,200000,b,quarter,H37Rv
779,,F,3,,1ng,200000,c,quarter,H37Rv
780,,A,5,,100pg,20000,a,full,H37Rv
781,,B,5,,100pg,20000,b,full,H37Rv
782,,C,5,,100pg,20000,c,full,H37Rv
783,,D,5,,100pg,20000,a,quarter,H37Rv
784,,E,5,,100pg,20000,b,quarter,H37Rv
785,,F,5,,100pg,20000,c,quarter,H37Rv
786,,A,7,,10pg,2000,a,full,H37Rv
787,,B,7,,10pg,2000,b,full,H37Rv
788,,C,7,,10pg,2000,c,full,H37Rv
789,,D,7,,10pg,2000,a,quarter,H37Rv
790,,E,7,,10pg,2000,b,quarter,H37Rv
791,,F,7,,10pg,2000,c,quarter,H37Rv
792,,A,9,,1pg,200,a,full,H37Rv
793,,B,9,,1pg,200,b,full,H37Rv
794,,C,9,,1pg,200,c,full,H37Rv
795,,D,9,,1pg,200,a,quarter,H37Rv
796,,E,9,,1pg,200,b,quarter,H37Rv
797,,F,9,,1pg,200,c,quarter,H37Rv
798,,A,11,,100fg,20,a,full,H37Rv
799,,B,11,,100fg,20,b,full,H37Rv
800,,C,11,,100fg,20,c,full,H37Rv
801,,D,11,,100fg,20,a,quarter,H37Rv
802,,E,11,,100fg,20,b,quarter,H37Rv
803,,F,11,,100fg,20,c,quarter,H37Rv
804,,A,13,,10fg,2,a,full,H37Rv
805,,B,13,,10fg,2,b,full,H37Rv
806,,C,13,,10fg,2,c,full,H37Rv
807,,D,13,,H20_RPA,0,a,quarter,H20_RPA
808,,E,13,,H20_RPA,0,b,quarter,H20_RPA
809,,F,13,,H20_RPA,0,c,quarter,H20_RPA
810,,A,15,,H20_RPA,0,a,full,H20_RPA
811,,B,15,,H20_RPA,0,b,full,H20_RPA
812,,C,15,,H20_RPA,0,c,full,H20_RPA
813,,D,15,,H20_cas12a,0,a,quarter,H20_cas12a
814,,E,15,,H20_cas12a,0,b,quarter,H20_cas12a
815,,F,15,,H20_cas12a,0,c,quarter,H20_cas12a
816,,A,1,,100pg,20000,a,full,Clinical_041a
817,,B,1,,100pg,20000,b,full,Clinical_041a
818,,C,1,,100pg,20000,c,full,Clinical_041a
819,,D,1,,100pg,20000,a,quarter,Clinical_041a
820,,E,1,,100pg,20000,b,quarter,Clinical_041a
821,,F,1,,100pg,20000,c,quarter,Clinical_041a
822,,A,3,,1ng,200000,a,full,H37Rv
823,,B,3,,1ng,200000,b,full,H37Rv
824,,C,3,,1ng,200000,c,full,H37Rv
825,,D,3,,1ng,200000,a,quarter,H37Rv
826,,E,3,,1ng,200000,b,quarter,H37Rv
827,,F,3,,1ng,200000,c,quarter,H37Rv
828,,A,5,,100pg,20000,a,full,H37Rv
829,,B,5,,100pg,20000,b,full,H37Rv
830,,C,5,,100pg,20000,c,full,H37Rv
831,,D,5,,100pg,20000,a,quarter,H37Rv
832,,E,5,,100pg,20000,b,quarter,H37Rv
833,,F,5,,100pg,20000,c,quarter,H37Rv
834,,A,7,,10pg,2000,a,full,H37Rv
835,,B,7,,10pg,2000,b,full,H37Rv
836,,C,7,,10pg,2000,c,full,H37Rv
837,,D,7,,10pg,2000,a,quarter,H37Rv
838,,E,7,,10pg,2000,b,quarter,H37Rv
839,,F,7,,10pg,2000,c,quarter,H37Rv
840,,A,9,,1pg,200,a,full,H37Rv
841,,B,9,,1pg,200,b,full,H37Rv
842,,C,9,,1pg,200,c,full,H37Rv
843,,D,9,,1pg,200,a,quarter,H37Rv
844,,E,9,,1pg,200,b,quarter,H37Rv
845,,F,9,,1pg,200,c,quarter,H37Rv
846,,A,11,,100fg,20,a,full,H37Rv
847,,B,11,,100fg,20,b,full,H37Rv
848,,C,11,,100fg,20,c,full,H37Rv
849,,D,11,,100fg,20,a,quarter,H37Rv
850,,E,11,,100fg,20,b,quarter,H37Rv
851,,F,11,,100fg,20,c,quarter,H37Rv
852,,A,13,,10fg,2,a,full,H37Rv
853,,B,13,,10fg,2,b,full,H37Rv
854,,C,13,,10fg,2,c,full,H37Rv
855,,D,13,,H20_RPA,0,a,quarter,H20_RPA
856,,E,13,,H20_RPA,0,b,quarter,H20_RPA
857,,F,13,,H20_RPA,0,c,quarter,H20_RPA
858,,A,15,,H20_RPA,0,a,full,H20_RPA
859,,B,15,,H20_RPA,0,b,full,H20_RPA
860,,C,15,,H20_RPA,0,c,full,H20_RPA
861,,D,15,,H20_cas12a,0,a,quarter,H20_cas12a
862,,E,15,,H20_cas12a,0,b,quarter,H20_cas12a
863,,F,15,,H20_cas12a,0,c,quarter,H20_cas12a
864,,A,1,,100pg,20000,a,full,Clinical_041a
865,,B,1,,100pg,20000,b,full,Clinical_041a
866,,C,1,,100pg,20000,c,full,Clinical_041a
867,,D,1,,100pg,20000,a,quarter,Clinical_041a
868,,E,1,,100pg,20000,b,quarter,Clinical_041a
869,,F,1,,100pg,20000,c,quarter,Clinical_041a
870,,A,3,,1ng,200000,a,full,H37Rv
871,,B,3,,1ng,200000,b,full,H37Rv
872,,C,3,,1ng,200000,c,full,H37Rv
873,,D,3,,1ng,200000,a,quarter,H37Rv
874,,E,3,,1ng,200000,b,quarter,H37Rv
875,,F,3,,1ng,200000,c,quarter,H37Rv
876,,A,5,,100pg,20000,a,full,H37Rv
877,,B,5,,100pg,20000,b,full,H37Rv
878,,C,5,,100pg,20000,c,full,H37Rv
879,,D,5,,100pg,20000,a,quarter,H37Rv
880,,E,5,,100pg,20000,b,quarter,H37Rv
881,,F,5,,100pg,20000,c,quarter,H37Rv
882,,A,7,,10pg,2000,a,full,H37Rv
883,,B,7,,10pg,2000,b,full,H37Rv
884,,C,7,,10pg,2000,c,full,H37Rv
885,,D,7,,10pg,2000,a,quarter,H37Rv
886,,E,7,,10pg,2000,b,quarter,H37Rv
887,,F,7,,10pg,2000,c,quarter,H37Rv
888,,A,9,,1pg,200,a,full,H37Rv
889,,B,9,,1pg,200,b,full,H37Rv
890,,C,9,,1pg,200,c,full,H37Rv
891,,D,9,,1pg,200,a,quarter,H37Rv
892,,E,9,,1pg,200,b,quarter,H37Rv
893,,F,9,,1pg,200,c,quarter,H37Rv
894,,A,11,,100fg,20,a,full,H37Rv
895,,B,11,,100fg,20,b,full,H37Rv
896,,C,11,,100fg,20,c,full,H37Rv
897,,D,11,,100fg,20,a,quarter,H37Rv
898,,E,11,,100fg,20,b,quarter,H37Rv
899,,F,11,,100fg,20,c,quarter,H37Rv
900,,A,13,,10fg,2,a,full,H37Rv
901,,B,13,,10fg,2,b,full,H37Rv
902,,C,13,,10fg,2,c,full,H37Rv
903,,D,13,,H20_RPA,0,a,quarter,H20_RPA
904,,E,13,,H20_RPA,0,b,quarter,H20_RPA
905,,F,13,,H20_RPA,0,c,quarter,H20_RPA
906,,A,15,,H20_RPA,0,a,full,H20_RPA
907,,B,15,,H20_RPA,0,b,full,H20_RPA
908,,C,15,,H20_RPA,0,c,full,H20_RPA
909,,D,15,,H20_cas12a,0,a,quarter,H20_cas12a
910,,E,15,,H20_cas12a,0,b,quarter,H20_cas12a
911,,F,15,,H20_cas12a,0,c,quarter,H20_cas12a
912,,A,1,,100pg,20000,a,full,Clinical_041a
913,,B,1,,100pg,20000,b,full,Clinical_041a
914,,C,1,,100pg,20000,c,full,Clinical_041a
915,,D,1,,100pg,20000,a,quarter,Clinical_041a
916,,E,1,,100pg,20000,b,quarter,Clinical_041a
917,,F,1,,100pg,20000,c,quarter,Clinical_041a
918,,A,3,,1ng,200000,a,full,H37Rv
919,,B,3,,1ng,200000,b,full,H37Rv
920,,C,3,,1ng,200000,c,full,H37Rv
921,,D,3,,1ng,200000,a,quarter,H37Rv
922,,E,3,,1ng,200000,b,quarter,H37Rv
923,,F,3,,1ng,200000,c,quarter,H37Rv
924,,A,5,,100pg,20000,a,full,H37Rv
925,,B,5,,100pg,20000,b,full,H37Rv
926,,C,5,,100pg,20000,c,full,H37Rv
927,,D,5,,100pg,20000,a,quarter,H37Rv
928,,E,5,,100pg,20000,b,quarter,H37Rv
929,,F,5,,100pg,20000,c,quarter,H37Rv
930,,A,7,,10pg,2000,a,full,H37Rv
931,,B,7,,10pg,2000,b,full,H37Rv
932,,C,7,,10pg,2000,c,full,H37Rv
933,,D,7,,10pg,2000,a,quarter,H37Rv
934,,E,7,,10pg,2000,b,quarter,H37Rv
935,,F,7,,10pg,2000,c,quarter,H37Rv
936,,A,9,,1pg,200,a,full,H37Rv
937,,B,9,,1pg,200,b,full,H37Rv
938,,C,9,,1pg,200,c,full,H37Rv
939,,D,9,,1pg,200,a,quarter,H37Rv
940,,E,9,,1pg,200,b,quarter,H37Rv
941,,F,9,,1pg,200,c,quarter,H37Rv
942,,A,11,,100fg,20,a,full,H37Rv
943,,B,11,,100fg,20,b,full,H37Rv
944,,C,11,,100fg,20,c,full,H37Rv
945,,D,11,,100fg,20,a,quarter,H37Rv
946,,E,11,,100fg,20,b,quarter,H37Rv
947,,F,11,,100fg,20,c,quarter,H37Rv
948,,A,13,,10fg,2,a,full,H37Rv
949,,B,13,,10fg,2,b,full,H37Rv
950,,C,13,,10fg,2,c,full,H37Rv
951,,D,13,,H20_RPA,0,a,quarter,H20_RPA
952,,E,13,,H20_RPA,0,b,quarter,H20_RPA
953,,F,13,,H20_RPA,0,c,quarter,H20_RPA
954,,A,15,,H20_RPA,0,a,full,H20_RPA
955,,B,15,,H20_RPA,0,b,full,H20_RPA
956,,C,15,,H20_RPA,0,c,full,H20_RPA
957,,D,15,,H20_cas12a,0,a,quarter,H20_cas12a
958,,E,15,,H20_cas12a,0,b,quarter,H20_cas12a
959,,F,15,,H20_cas12a,0,c,quarter,H20_cas12a
960,,A,1,,100pg,20000,a,full,Clinical_041a
961,,B,1,,100pg,20000,b,full,Clinical_041a
962,,C,1,,100pg,20000,c,full,Clinical_041a
963,,D,1,,100pg,20000,a,quarter,Clinical_041a
964,,E,1,,100pg,20000,b,quarter,Clinical_041a
965,,F,1,,100pg,20000,c,quarter,Clinical_041a
966,,A,3,,1ng,200000,a,full,H37Rv
967,,B,3,,1ng,200000,b,full,H37Rv
968,,C,3,,1ng,200000,c,full,H37Rv
969,,D,3,,1ng,200000,a,quarter,H37Rv
970,,E,3,,1ng,200000,b,quarter,H37Rv
971,,F,3,,1ng,200000,c,quarter,H37Rv
972,,A,5,,100pg,20000,a,full,H37Rv
973,,B,5,,100pg,20000,b,full,H37Rv
974,,C,5,,100pg,20000,c,full,H37Rv
975,,D,5,,100pg,20000,a,quarter,H37Rv
976,,E,5,,100pg,20000,b,quarter,H37Rv
977,,F,5,,100pg,20000,c,quarter,H37Rv
978,,A,7,,10pg,2000,a,full,H37Rv
979,,B,7,,10pg,2000,b,full,H37Rv
980,,C,7,,10pg,2000,c,full,H37Rv
981,,D,7,,10pg,2000,a,quarter,H37Rv
982,,E,7,,10pg,2000,b,quarter,H37Rv
983,,F,7,,10pg,2000,c,quarter,H37Rv
984,,A,9,,1pg,200,a,full,H37Rv
985,,B,9,,1pg,200,b,full,H37Rv
986,,C,9,,1pg,200,c,full,H37Rv
987,,D,9,,1pg,200,a,quarter,H37Rv
988,,E,9,,1pg,200,b,quarter,H37Rv
989,,F,9,,1pg,200,c,quarter,H37Rv
990,,A,11,,100fg,20,a,full,H37Rv
991,,B,11,,100fg,20,b,full,H37Rv
992,,C,11,,100fg,20,c,full,H37Rv
993,,D,11,,100fg,20,a,quarter,H37Rv
994,,E,11,,100fg,20,b,quarter,H37Rv
995,,F,11,,100fg,20,c,quarter,H37Rv
996,,A,13,,10fg,2,a,full,H37Rv
997,,B,13,,10fg,2,b,full,H37Rv
998,,C,13,,10fg,2,c,full,H37Rv
999,,D,13,,H20_RPA,0,a,quarter,H20_RPA
1000,,E,13,,H20_RPA,0,b,quarter,H20_RPA
1001,,F,13,,H20_RPA,0,c,quarter,H20_RPA
1002,,A,15,,H20_RPA,0,a,full,H20_RPA
1003,,B,15,,H20_RPA,0,b,full,H20_RPA
1004,,C,15,,H20_RPA,0,c,full,H20_RPA
1005,,D,15,,H20_cas12a,0,a,quarter,H20_cas12a
1006,,E,15,,H20_cas12a,0,b,quarter,H20_cas12a
1007,,F,15,,H20_cas12a,0,c,quarter,H20_cas12a
1008,,A,1,,100pg,20000,a,full,Clinical_041a
1009,,B,1,,100pg,20000,b,full,Clinical_041a
1010,,C,1,,100pg,20000,c,full,Clinical_041a
1011,,D,1,,100pg,20000,a,quarter,Clinical_041a
1012,,E,1,,100pg,20000,b,quarter,Clinical_041a
1013,,F,1,,100pg,20000,c,quarter,Clinical_041a
1014,,A,3,,1ng,200000,a,full,H37Rv
1015,,B,3,,1ng,200000,b,full,H37Rv
1016,,C,3,,1ng,200000,c,full,H37Rv
1017,,D,3,,1ng,200000,a,quarter,H37Rv
1018,,E,3,,1ng,200000,b,quarter,H37Rv
1019,,F,3,,1ng,200000,c,quarter,H37Rv
1020,,A,5,,100pg,20000,a,full,H37Rv
1021,,B,5,,100pg,20000,b,full,H37Rv
1022,,C,5,,100pg,20000,c,full,H37Rv
1023,,D,5,,100pg,20000,a,quarter,H37Rv
1024,,E,5,,100pg,20000,b,quarter,H37Rv
1025,,F,5,,100pg,20000,c,quarter,H37Rv
1026,,A,7,,10pg,2000,a,full,H37Rv
1027,,B,7,,10pg,2000,b,full,H37Rv
1028,,C,7,,10pg,2000,c,full,H37Rv
1029,,D,7,,10pg,2000,a,quarter,H37Rv
1030,,E,7,,10pg,2000,b,quarter,H37Rv
1031,,F,7,,10pg,2000,c,quarter,H37Rv
1032,,A,9,,1pg,200,a,full,H37Rv
1033,,B,9,,1pg,200,b,full,H37Rv
1034,,C,9,,1pg,200,c,full,H37Rv
1035,,D,9,,1pg,200,a,quarter,H37Rv
1036,,E,9,,1pg,200,b,quarter,H37Rv
1037,,F,9,,1pg,200,c,quarter,H37Rv
1038,,A,11,,100fg,20,a,full,H37Rv
1039,,B,11,,100fg,20,b,full,H37Rv
1040,,C,11,,100fg,20,c,full,H37Rv
1041,,D,11,,100fg,20,a,quarter,H37Rv
1042,,E,11,,100fg,20,b,quarter,H37Rv
1043,,F,11,,100fg,20,c,quarter,H37Rv
1044,,A,13,,10fg,2,a,full,H37Rv
1045,,B,13,,10fg,2,b,full,H37Rv
1046,,C,13,,10fg,2,c,full,H37Rv
1047,,D,13,,H20_RPA,0,a,quarter,H20_RPA
1048,,E,13,,H20_RPA,0,b,quarter,H20_RPA
1049,,F,13,,H20_RPA,0,c,quarter,H20_RPA
1050,,A,15,,H20_RPA,0,a,full,H20_RPA
1051,,B,15,,H20_RPA,0,b,full,H20_RPA
1052,,C,15,,H20_RPA,0,c,full,H20_RPA
1053,,D,15,,H20_cas12a,0,a,quarter,H20_cas12a
1054,,E,15,,H20_cas12a,0,b,quarter,H20_cas12a
1055,,F,15,,H20_cas12a,0,c,quarter,H20_cas12a
1056,,A,1,,100pg,20000,a,full,Clinical_041a
1057,,B,1,,100pg,20000,b,full,Clinical_041a
1058,,C,1,,100pg,20000,c,full,Clinical_041a
1059,,D,1,,100pg,20000,a,quarter,Clinical_041a
1060,,E,1,,100pg,20000,b,quarter,Clinical_041a
1061,,F,1,,100pg,20000,c,quarter,Clinical_041a
1062,,A,3,,1ng,200000,a,full,H37Rv
1063,,B,3,,1ng,200000,b,full,H37Rv
1064,,C,3,,1ng,200000,c,full,H37Rv
1065,,D,3,,1ng,200000,a,quarter,H37Rv
1066,,E,3,,1ng,200000,b,quarter,H37Rv
1067,,F,3,,1ng,200000,c,quarter,H37Rv
1068,,A,5,,100pg,20000,a,full,H37Rv
1069,,B,5,,100pg,20000,b,full,H37Rv
1070,,C,5,,100pg,20000,c,full,H37Rv
1071,,D,5,,100pg,20000,a,quarter,H37Rv
1072,,E,5,,100pg,20000,b,quarter,H37Rv
1073,,F,5,,100pg,20000,c,quarter,H37Rv
1074,,A,7,,10pg,2000,a,full,H37Rv
1075,,B,7,,10pg,2000,b,full,H37Rv
1076,,C,7,,10pg,2000,c,full,H37Rv
1077,,D,7,,10pg,2000,a,quarter,H37Rv
1078,,E,7,,10pg,2000,b,quarter,H37Rv
1079,,F,7,,10pg,2000,c,quarter,H37Rv
1080,,A,9,,1pg,200,a,full,H37Rv
1081,,B,9,,1pg,200,b,full,H37Rv
1082,,C,9,,1pg,200,c,full,H37Rv
1083,,D,9,,1pg,200,a,quarter,H37Rv
1084,,E,9,,1pg,200,b,quarter,H37Rv
1085,,F,9,,1pg,200,c,quarter,H37Rv
1086,,A,11,,100fg,20,a,full,H37Rv
1087,,B,11,,100fg,20,b,full,H37Rv
1088,,C,11,,100fg,20,c,full,H37Rv
1089,,D,11,,100fg,20,a,quarter,H37Rv
1090,,E,11,,100fg,20,b,quarter,H37Rv
1091,,F,11,,100fg,20,c,quarter,H37Rv
1092,,A,13,,10fg,2,a,full,H37Rv
1093,,B,13,,10fg,2,b,full,H37Rv
1094,,C,13,,10fg,2,c,full,H37Rv
1095,,D,13,,H20_RPA,0,a,quarter,H20_RPA
1096,,E,13,,H20_RPA,0,b,quarter,H20_RPA
1097,,F,13,,H20_RPA,0,c,quarter,H20_RPA
1098,,A,15,,H20_RPA,0,a,full,H20_RPA
1099,,B,15,,H20_RPA,0,b,full,H20_RPA
1100,,C,15,,H20_RPA,0,c,full,H20_RPA
1101,,D,15,,H20_cas12a,0,a,quarter,H20_cas12a
1102,,E,15,,H20_cas12a,0,b,quarter,H20_cas12a
1103,,F,15,,H20_cas12a,0,c,quarter,H20_cas12a
1104,,A,1,,100pg,20000,a,full,Clinical_041a
1105,,B,1,,100pg,20000,b,full,Clinical_041a
1106,,C,1,,100pg,20000,c,full,Clinical_041a
1107,,D,1,,100pg,20000,a,quarter,Clinical_041a
1108,,E,1,,100pg,20000,b,quarter,Clinical_041a
1109,,F,1,,100pg,20000,c,quarter,Clinical_041a
1110,,A,3,,1ng,200000,a,full,H37Rv
1111,,B,3,,1ng,200000,b,full,H37Rv
1112,,C,3,,1ng,200000,c,full,H37Rv
1113,,D,3,,1ng,200000,a,quarter,H37Rv
1114,,E,3,,1ng,200000,b,quarter,H37Rv
1115,,F,3,,1ng,200000,c,quarter,H37Rv
1116,,A,5,,100pg,20000,a,full,H37Rv
1117,,B,5,,100pg,20000,b,full,H37Rv
1118,,C,5,,100pg,20000,c,full,H37Rv
1119,,D,5,,100pg,20000,a,quarter,H37Rv
1120,,E,5,,100pg,20000,b,quarter,H37Rv
1121,,F,5,,100pg,20000,c,quarter,H37Rv
1122,,A,7,,10pg,2000,a,full,H37Rv
1123,,B,7,,10pg,2000,b,full,H37Rv
1124,,C,7,,10pg,2000,c,full,H37Rv
1125,,D,7,,10pg,2000,a,quarter,H37Rv
1126,,E,7,,10pg,2000,b,quarter,H37Rv
1127,,F,7,,10pg,2000,c,quarter,H37Rv
1128,,A,9,,1pg,200,a,full,H37Rv
1129,,B,9,,1pg,200,b,full,H37Rv
1130,,C,9,,1pg,200,c,full,H37Rv
1131,,D,9,,1pg,200,a,quarter,H37Rv
1132,,E,9,,1pg,200,b,quarter,H37Rv
1133,,F,9,,1pg,200,c,quarter,H37Rv
1134,,A,11,,100fg,20,a,full,H37Rv
1135,,B,11,,100fg,20,b,full,H37Rv
1136,,C,11,,100fg,20,c,full,H37Rv
1137,,D,11,,100fg,20,a,quarter,H37Rv
1138,,E,11,,100fg,20,b,quarter,H37Rv
1139,,F,11,,100fg,20,c,quarter,H37Rv
1140,,A,13,,10fg,2,a,full,H37Rv
1141,,B,13,,10fg,2,b,full,H37Rv
1142,,C,13,,10fg,2,c,full,H37Rv
1143,,D,13,,H20_RPA,0,a,quarter,H20_RPA
1144,,E,13,,H20_RPA,0,b,quarter,H20_RPA
1145,,F,13,,H20_RPA,0,c,quarter,H20_RPA
1146,,A,15,,H20_RPA,0,a,full,H20_RPA
1147,,B,15,,H20_RPA,0,b,full,H20_RPA
1148,,C,15,,H20_RPA,0,c,full,H20_RPA
1149,,D,15,,H20_cas12a,0,a,quarter,H20_cas12a
1150,,E,15,,H20_cas12a,0,b,quarter,H20_cas12a
1151,,F,15,,H20_cas12a,0,c,quarter,H20_cas12a
1152,,A,1,,100pg,20000,a,full,Clinical_041a
1153,,B,1,,100pg,20000,b,full,Clinical_041a
1154,,C,1,,100pg,20000,c,full,Clinical_041a
1155,,D,1,,100pg,20000,a,quarter,Clinical_041a
1156,,E,1,,100pg,20000,b,quarter,Clinical_041a
1157,,F,1,,100pg,20000,c,quarter,Clinical_041a
1158,,A,3,,1ng,200000,a,full,H37Rv
1159,,B,3,,1ng,200000,b,full,H37Rv
1160,,C,3,,1ng,200000,c,full,H37Rv
1161,,D,3,,1ng,200000,a,quarter,H37Rv
1162,,E,3,,1ng,200000,b,quarter,H37Rv
1163,,F,3,,1ng,200000,c,quarter,H37Rv
1164,,A,5,,100pg,20000,a,full,H37Rv
1165,,B,5,,100pg,20000,b,full,H37Rv
1166,,C,5,,100pg,20000,c,full,H37Rv
1167,,D,5,,100pg,20000,a,quarter,H37Rv
1168,,E,5,,100pg,20000,b,quarter,H37Rv
1169,,F,5,,100pg,20000,c,quarter,H37Rv
1170,,A,7,,10pg,2000,a,full,H37Rv
1171,,B,7,,10pg,2000,b,full,H37Rv
1172,,C,7,,10pg,2000,c,full,H37Rv
1173,,D,7,,10pg,2000,a,quarter,H37Rv
1174,,E,7,,10pg,2000,b,quarter,H37Rv
1175,,F,7,,10pg,2000,c,quarter,H37Rv
1176,,A,9,,1pg,200,a,full,H37Rv
1177,,B,9,,1pg,200,b,full,H37Rv
1178,,C,9,,1pg,200,c,full,H37Rv
1179,,D,9,,1pg,200,a,quarter,H37Rv
1180,,E,9,,1pg,200,b,quarter,H37Rv
1181,,F,9,,1pg,200,c,quarter,H37Rv
1182,,A,11,,100fg,20,a,full,H37Rv
1183,,B,11,,100fg,20,b,full,H37Rv
1184,,C,11,,100fg,20,c,full,H37Rv
1185,,D,11,,100fg,20,a,quarter,H37Rv
1186,,E,11,,100fg,20,b,quarter,H37Rv
1187,,F,11,,100fg,20,c,quarter,H37Rv
1188,,A,13,,10fg,2,a,full,H37Rv
1189,,B,13,,10fg,2,b,full,H37Rv
1190,,C,13,,10fg,2,c,full,H37Rv
1191,,D,13,,H20_RPA,0,a,quarter,H20_RPA
1192,,E,13,,H20_RPA,0,b,quarter,H20_RPA
1193,,F,13,,H20_RPA,0,c,quarter,H20_RPA
1194,,A,15,,H20_RPA,0,a,full,H20_RPA
1195,,B,15,,H20_RPA,0,b,full,H20_RPA
1196,,C,15,,H20_RPA,0,c,full,H20_RPA
1197,,D,15,,H20_cas12a,0,a,quarter,H20_cas12a
1198,,E,15,,H20_cas12a,0,b,quarter,H20_cas12a
1199,,F,15,,H20_cas12a,0,c,quarter,H20_cas12a
