,Unnamed: 0,time,row_384,column_384,rfu_value,replicate,sample_set,reporter
0,0,00:00:00,P,2,189.937,a,synthetic-11C,RNA-FAM
1,1,00:00:00,P,4,194.855,b,synthetic-11C,RNA-FAM
2,2,00:00:00,P,6,175.912,a,no_cas12a,RNA-FAM
3,3,00:00:00,P,8,183.37,b,no_cas12a,RNA-FAM
4,4,00:00:00,P,10,185.078,a,no_target,RNA-FAM
5,5,00:00:00,P,12,170.487,b,no_target,RNA-FAM
6,6,00:00:00,P,14,180.842,a,no_gRNA,RNA-FAM
7,7,00:00:00,P,16,181.03599999999997,b,no_gRNA,RNA-FAM
8,8,00:00:00,P,18,369.43199999999996,a,synthetic-11C,DNA-FAM
9,9,00:00:00,P,20,338.198,b,synthetic-11C,DNA-FAM
10,10,00:00:00,P,22,33.137,a,no_target,DNA-FAM
11,11,00:00:00,P,24,32.343,b,no_target,DNA-FAM
12,12,00:10:00,P,2,219.12099999999998,a,synthetic-11C,RNA-FAM
13,13,00:10:00,P,4,229.93599999999998,b,synthetic-11C,RNA-FAM
14,14,00:10:00,P,6,168.299,a,no_cas12a,RNA-FAM
15,15,00:10:00,P,8,171.707,b,no_cas12a,RNA-FAM
16,16,00:10:00,P,10,174.674,a,no_target,RNA-FAM
17,17,00:10:00,P,12,165.238,b,no_target,RNA-FAM
18,18,00:10:00,P,14,171.93200000000002,a,no_gRNA,RNA-FAM
19,19,00:10:00,P,16,176.162,b,no_gRNA,RNA-FAM
20,20,00:10:00,P,18,1184.698,a,synthetic-11C,DNA-FAM
21,21,00:10:00,P,20,1089.819,b,synthetic-11C,DNA-FAM
22,22,00:10:00,P,22,33.473,a,no_target,DNA-FAM
23,23,00:10:00,P,24,32.937,b,no_target,DNA-FAM
24,24,00:20:00,P,2,254.532,a,synthetic-11C,RNA-FAM
25,25,00:20:00,P,4,269.224,b,synthetic-11C,RNA-FAM
26,26,00:20:00,P,6,160.759,a,no_cas12a,RNA-FAM
27,27,00:20:00,P,8,166.872,b,no_cas12a,RNA-FAM
28,28,00:20:00,P,10,164.77599999999998,a,no_target,RNA-FAM
29,29,00:20:00,P,12,160.912,b,no_target,RNA-FAM
30,30,00:20:00,P,14,165.875,a,no_gRNA,RNA-FAM
31,31,00:20:00,P,16,169.835,b,no_gRNA,RNA-FAM
32,32,00:20:00,P,18,2063.221,a,synthetic-11C,DNA-FAM
33,33,00:20:00,P,20,1967.716,b,synthetic-11C,DNA-FAM
34,34,00:20:00,P,22,32.702,a,no_target,DNA-FAM
35,35,00:20:00,P,24,31.904,b,no_target,DNA-FAM
36,36,00:30:00,P,2,291.985,a,synthetic-11C,RNA-FAM
37,37,00:30:00,P,4,314.043,b,synthetic-11C,RNA-FAM
38,38,00:30:00,P,6,156.019,a,no_cas12a,RNA-FAM
39,39,00:30:00,P,8,163.401,b,no_cas12a,RNA-FAM
40,40,00:30:00,P,10,162.253,a,no_target,RNA-FAM
41,41,00:30:00,P,12,155.465,b,no_target,RNA-FAM
42,42,00:30:00,P,14,161.88,a,no_gRNA,RNA-FAM
43,43,00:30:00,P,16,167.71,b,no_gRNA,RNA-FAM
44,44,00:30:00,P,18,2736.741,a,synthetic-11C,DNA-FAM
45,45,00:30:00,P,20,2735.28,b,synthetic-11C,DNA-FAM
46,46,00:30:00,P,22,31.818,a,no_target,DNA-FAM
47,47,00:30:00,P,24,31.351,b,no_target,DNA-FAM
48,48,00:40:00,P,2,337.57300000000004,a,synthetic-11C,RNA-FAM
49,49,00:40:00,P,4,366.256,b,synthetic-11C,RNA-FAM
50,50,00:40:00,P,6,155.21,a,no_cas12a,RNA-FAM
51,51,00:40:00,P,8,161.842,b,no_cas12a,RNA-FAM
52,52,00:40:00,P,10,160.118,a,no_target,RNA-FAM
53,53,00:40:00,P,12,156.662,b,no_target,RNA-FAM
54,54,00:40:00,P,14,161.285,a,no_gRNA,RNA-FAM
55,55,00:40:00,P,16,165.78900000000002,b,no_gRNA,RNA-FAM
56,56,00:40:00,P,18,3198.012,a,synthetic-11C,DNA-FAM
57,57,00:40:00,P,20,3350.159,b,synthetic-11C,DNA-FAM
58,58,00:40:00,P,22,31.471999999999998,a,no_target,DNA-FAM
59,59,00:40:00,P,24,31.748,b,no_target,DNA-FAM
60,60,00:50:00,P,2,380.74699999999996,a,synthetic-11C,RNA-FAM
61,61,00:50:00,P,4,412.99800000000005,b,synthetic-11C,RNA-FAM
62,62,00:50:00,P,6,152.722,a,no_cas12a,RNA-FAM
63,63,00:50:00,P,8,159.639,b,no_cas12a,RNA-FAM
64,64,00:50:00,P,10,158.30100000000002,a,no_target,RNA-FAM
65,65,00:50:00,P,12,153.82,b,no_target,RNA-FAM
66,66,00:50:00,P,14,158.961,a,no_gRNA,RNA-FAM
67,67,00:50:00,P,16,164.042,b,no_gRNA,RNA-FAM
68,68,00:50:00,P,18,3362.007,a,synthetic-11C,DNA-FAM
69,69,00:50:00,P,20,3666.203,b,synthetic-11C,DNA-FAM
70,70,00:50:00,P,22,31.36,a,no_target,DNA-FAM
71,71,00:50:00,P,24,30.756,b,no_target,DNA-FAM
72,72,01:00:00,P,2,434.592,a,synthetic-11C,RNA-FAM
73,73,01:00:00,P,4,471.51800000000003,b,synthetic-11C,RNA-FAM
74,74,01:00:00,P,6,154.255,a,no_cas12a,RNA-FAM
75,75,01:00:00,P,8,160.375,b,no_cas12a,RNA-FAM
76,76,01:00:00,P,10,161.796,a,no_target,RNA-FAM
77,77,01:00:00,P,12,155.042,b,no_target,RNA-FAM
78,78,01:00:00,P,14,161.726,a,no_gRNA,RNA-FAM
79,79,01:00:00,P,16,166.122,b,no_gRNA,RNA-FAM
80,80,01:00:00,P,18,3442.215,a,synthetic-11C,DNA-FAM
81,81,01:00:00,P,20,3867.505,b,synthetic-11C,DNA-FAM
82,82,01:00:00,P,22,31.737,a,no_target,DNA-FAM
83,83,01:00:00,P,24,30.404,b,no_target,DNA-FAM
84,84,01:10:00,P,2,482.465,a,synthetic-11C,RNA-FAM
85,85,01:10:00,P,4,527.234,b,synthetic-11C,RNA-FAM
86,86,01:10:00,P,6,154.71200000000002,a,no_cas12a,RNA-FAM
87,87,01:10:00,P,8,158.918,b,no_cas12a,RNA-FAM
88,88,01:10:00,P,10,160.179,a,no_target,RNA-FAM
89,89,01:10:00,P,12,156.03,b,no_target,RNA-FAM
90,90,01:10:00,P,14,162.579,a,no_gRNA,RNA-FAM
91,91,01:10:00,P,16,166.338,b,no_gRNA,RNA-FAM
92,92,01:10:00,P,18,3464.6940000000004,a,synthetic-11C,DNA-FAM
93,93,01:10:00,P,20,3925.841,b,synthetic-11C,DNA-FAM
94,94,01:10:00,P,22,31.035999999999998,a,no_target,DNA-FAM
95,95,01:10:00,P,24,31.267,b,no_target,DNA-FAM
96,96,01:20:00,P,2,522.3340000000001,a,synthetic-11C,RNA-FAM
97,97,01:20:00,P,4,571.645,b,synthetic-11C,RNA-FAM
98,98,01:20:00,P,6,153.495,a,no_cas12a,RNA-FAM
99,99,01:20:00,P,8,158.248,b,no_cas12a,RNA-FAM
100,100,01:20:00,P,10,158.35,a,no_target,RNA-FAM
101,101,01:20:00,P,12,155.564,b,no_target,RNA-FAM
102,102,01:20:00,P,14,160.471,a,no_gRNA,RNA-FAM
103,103,01:20:00,P,16,164.78,b,no_gRNA,RNA-FAM
104,104,01:20:00,P,18,3422.967,a,synthetic-11C,DNA-FAM
105,105,01:20:00,P,20,3898.324,b,synthetic-11C,DNA-FAM
106,106,01:20:00,P,22,30.903000000000002,a,no_target,DNA-FAM
107,107,01:20:00,P,24,30.088,b,no_target,DNA-FAM
108,108,01:30:00,P,2,575.811,a,synthetic-11C,RNA-FAM
109,109,01:30:00,P,4,627.924,b,synthetic-11C,RNA-FAM
110,110,01:30:00,P,6,154.14600000000002,a,no_cas12a,RNA-FAM
111,111,01:30:00,P,8,158.202,b,no_cas12a,RNA-FAM
112,112,01:30:00,P,10,159.608,a,no_target,RNA-FAM
113,113,01:30:00,P,12,154.937,b,no_target,RNA-FAM
114,114,01:30:00,P,14,162.247,a,no_gRNA,RNA-FAM
115,115,01:30:00,P,16,165.354,b,no_gRNA,RNA-FAM
116,116,01:30:00,P,18,3448.152,a,synthetic-11C,DNA-FAM
117,117,01:30:00,P,20,3913.756,b,synthetic-11C,DNA-FAM
118,118,01:30:00,P,22,30.386,a,no_target,DNA-FAM
119,119,01:30:00,P,24,30.521,b,no_target,DNA-FAM
120,120,01:40:00,P,2,620.4209999999999,a,synthetic-11C,RNA-FAM
121,121,01:40:00,P,4,679.7819999999999,b,synthetic-11C,RNA-FAM
122,122,01:40:00,P,6,153.84799999999998,a,no_cas12a,RNA-FAM
123,123,01:40:00,P,8,158.576,b,no_cas12a,RNA-FAM
124,124,01:40:00,P,10,162.547,a,no_target,RNA-FAM
125,125,01:40:00,P,12,156.939,b,no_target,RNA-FAM
126,126,01:40:00,P,14,163.505,a,no_gRNA,RNA-FAM
127,127,01:40:00,P,16,166.327,b,no_gRNA,RNA-FAM
128,128,01:40:00,P,18,3458.2790000000005,a,synthetic-11C,DNA-FAM
129,129,01:40:00,P,20,3915.718,b,synthetic-11C,DNA-FAM
130,130,01:40:00,P,22,30.406,a,no_target,DNA-FAM
131,131,01:40:00,P,24,30.819000000000003,b,no_target,DNA-FAM
132,132,01:50:00,P,2,667.7719999999999,a,synthetic-11C,RNA-FAM
133,133,01:50:00,P,4,739.8969999999999,b,synthetic-11C,RNA-FAM
134,134,01:50:00,P,6,156.963,a,no_cas12a,RNA-FAM
135,135,01:50:00,P,8,160.409,b,no_cas12a,RNA-FAM
136,136,01:50:00,P,10,162.137,a,no_target,RNA-FAM
137,137,01:50:00,P,12,157.536,b,no_target,RNA-FAM
138,138,01:50:00,P,14,164.292,a,no_gRNA,RNA-FAM
139,139,01:50:00,P,16,168.553,b,no_gRNA,RNA-FAM
140,140,01:50:00,P,18,3497.85,a,synthetic-11C,DNA-FAM
141,141,01:50:00,P,20,3954.755,b,synthetic-11C,DNA-FAM
142,142,01:50:00,P,22,30.784000000000002,a,no_target,DNA-FAM
143,143,01:50:00,P,24,30.546999999999997,b,no_target,DNA-FAM
144,144,02:00:00,P,2,711.2080000000001,a,synthetic-11C,RNA-FAM
145,145,02:00:00,P,4,786.352,b,synthetic-11C,RNA-FAM
146,146,02:00:00,P,6,156.451,a,no_cas12a,RNA-FAM
147,147,02:00:00,P,8,161.05100000000002,b,no_cas12a,RNA-FAM
148,148,02:00:00,P,10,163.584,a,no_target,RNA-FAM
149,149,02:00:00,P,12,160.125,b,no_target,RNA-FAM
150,150,02:00:00,P,14,164.225,a,no_gRNA,RNA-FAM
151,151,02:00:00,P,16,168.361,b,no_gRNA,RNA-FAM
152,152,02:00:00,P,18,3505.3709999999996,a,synthetic-11C,DNA-FAM
153,153,02:00:00,P,20,3948.653,b,synthetic-11C,DNA-FAM
154,154,02:00:00,P,22,30.623,a,no_target,DNA-FAM
155,155,02:00:00,P,24,31.21,b,no_target,DNA-FAM
156,156,02:10:00,P,2,758.319,a,synthetic-11C,RNA-FAM
157,157,02:10:00,P,4,840.3639999999999,b,synthetic-11C,RNA-FAM
158,158,02:10:00,P,6,159.541,a,no_cas12a,RNA-FAM
159,159,02:10:00,P,8,162.734,b,no_cas12a,RNA-FAM
160,160,02:10:00,P,10,165.56400000000002,a,no_target,RNA-FAM
161,161,02:10:00,P,12,160.485,b,no_target,RNA-FAM
162,162,02:10:00,P,14,165.399,a,no_gRNA,RNA-FAM
163,163,02:10:00,P,16,168.204,b,no_gRNA,RNA-FAM
164,164,02:10:00,P,18,3533.173,a,synthetic-11C,DNA-FAM
165,165,02:10:00,P,20,3958.546,b,synthetic-11C,DNA-FAM
166,166,02:10:00,P,22,30.655,a,no_target,DNA-FAM
167,167,02:10:00,P,24,30.294,b,no_target,DNA-FAM
168,168,02:20:00,P,2,792.802,a,synthetic-11C,RNA-FAM
169,169,02:20:00,P,4,889.518,b,synthetic-11C,RNA-FAM
170,170,02:20:00,P,6,160.325,a,no_cas12a,RNA-FAM
171,171,02:20:00,P,8,161.757,b,no_cas12a,RNA-FAM
172,172,02:20:00,P,10,167.745,a,no_target,RNA-FAM
173,173,02:20:00,P,12,161.524,b,no_target,RNA-FAM
174,174,02:20:00,P,14,165.22299999999998,a,no_gRNA,RNA-FAM
175,175,02:20:00,P,16,169.951,b,no_gRNA,RNA-FAM
176,176,02:20:00,P,18,3543.402,a,synthetic-11C,DNA-FAM
177,177,02:20:00,P,20,3985.437,b,synthetic-11C,DNA-FAM
178,178,02:20:00,P,22,30.788,a,no_target,DNA-FAM
179,179,02:20:00,P,24,31.105,b,no_target,DNA-FAM
180,180,02:30:00,P,2,834.6030000000001,a,synthetic-11C,RNA-FAM
181,181,02:30:00,P,4,935.9630000000001,b,synthetic-11C,RNA-FAM
182,182,02:30:00,P,6,161.379,a,no_cas12a,RNA-FAM
183,183,02:30:00,P,8,165.123,b,no_cas12a,RNA-FAM
184,184,02:30:00,P,10,170.06,a,no_target,RNA-FAM
185,185,02:30:00,P,12,163.493,b,no_target,RNA-FAM
186,186,02:30:00,P,14,166.71599999999998,a,no_gRNA,RNA-FAM
187,187,02:30:00,P,16,171.298,b,no_gRNA,RNA-FAM
188,188,02:30:00,P,18,3566.055,a,synthetic-11C,DNA-FAM
189,189,02:30:00,P,20,4011.348,b,synthetic-11C,DNA-FAM
190,190,02:30:00,P,22,29.77,a,no_target,DNA-FAM
191,191,02:30:00,P,24,30.451,b,no_target,DNA-FAM
192,192,02:40:00,P,2,883.328,a,synthetic-11C,RNA-FAM
193,193,02:40:00,P,4,996.7660000000001,b,synthetic-11C,RNA-FAM
194,194,02:40:00,P,6,165.082,a,no_cas12a,RNA-FAM
195,195,02:40:00,P,8,169.139,b,no_cas12a,RNA-FAM
196,196,02:40:00,P,10,173.394,a,no_target,RNA-FAM
197,197,02:40:00,P,12,166.00099999999998,b,no_target,RNA-FAM
198,198,02:40:00,P,14,166.27900000000002,a,no_gRNA,RNA-FAM
199,199,02:40:00,P,16,174.19400000000002,b,no_gRNA,RNA-FAM
200,200,02:40:00,P,18,3607.635,a,synthetic-11C,DNA-FAM
201,201,02:40:00,P,20,4039.048,b,synthetic-11C,DNA-FAM
202,202,02:40:00,P,22,30.660999999999998,a,no_target,DNA-FAM
203,203,02:40:00,P,24,30.622,b,no_target,DNA-FAM
204,204,02:50:00,P,2,918.1419999999999,a,synthetic-11C,RNA-FAM
205,205,02:50:00,P,4,1042.9160000000002,b,synthetic-11C,RNA-FAM
206,206,02:50:00,P,6,166.891,a,no_cas12a,RNA-FAM
207,207,02:50:00,P,8,168.095,b,no_cas12a,RNA-FAM
208,208,02:50:00,P,10,174.331,a,no_target,RNA-FAM
209,209,02:50:00,P,12,166.16099999999997,b,no_target,RNA-FAM
210,210,02:50:00,P,14,169.66099999999997,a,no_gRNA,RNA-FAM
211,211,02:50:00,P,16,173.19799999999998,b,no_gRNA,RNA-FAM
212,212,02:50:00,P,18,3612.7859999999996,a,synthetic-11C,DNA-FAM
213,213,02:50:00,P,20,4045.525,b,synthetic-11C,DNA-FAM
214,214,02:50:00,P,22,30.476999999999997,a,no_target,DNA-FAM
215,215,02:50:00,P,24,31.055,b,no_target,DNA-FAM
216,216,03:00:00,P,2,945.2189999999999,a,synthetic-11C,RNA-FAM
217,217,03:00:00,P,4,1078.59,b,synthetic-11C,RNA-FAM
218,218,03:00:00,P,6,167.479,a,no_cas12a,RNA-FAM
219,219,03:00:00,P,8,167.985,b,no_cas12a,RNA-FAM
220,220,03:00:00,P,10,173.178,a,no_target,RNA-FAM
221,221,03:00:00,P,12,166.292,b,no_target,RNA-FAM
222,222,03:00:00,P,14,168.14700000000002,a,no_gRNA,RNA-FAM
223,223,03:00:00,P,16,172.937,b,no_gRNA,RNA-FAM
224,224,03:00:00,P,18,3594.2070000000003,a,synthetic-11C,DNA-FAM
225,225,03:00:00,P,20,4023.769,b,synthetic-11C,DNA-FAM
226,226,03:00:00,P,22,29.655,a,no_target,DNA-FAM
227,227,03:00:00,P,24,31.160999999999998,b,no_target,DNA-FAM
228,228,03:10:00,P,2,978.6,a,synthetic-11C,RNA-FAM
229,229,03:10:00,P,4,1117.522,b,synthetic-11C,RNA-FAM
230,230,03:10:00,P,6,170.51,a,no_cas12a,RNA-FAM
231,231,03:10:00,P,8,168.752,b,no_cas12a,RNA-FAM
232,232,03:10:00,P,10,174.975,a,no_target,RNA-FAM
233,233,03:10:00,P,12,167.35299999999998,b,no_target,RNA-FAM
234,234,03:10:00,P,14,168.957,a,no_gRNA,RNA-FAM
235,235,03:10:00,P,16,175.236,b,no_gRNA,RNA-FAM
236,236,03:10:00,P,18,3605.64,a,synthetic-11C,DNA-FAM
237,237,03:10:00,P,20,4043.239,b,synthetic-11C,DNA-FAM
238,238,03:10:00,P,22,29.573,a,no_target,DNA-FAM
239,239,03:10:00,P,24,31.261,b,no_target,DNA-FAM
240,240,03:20:00,P,2,1020.284,a,synthetic-11C,RNA-FAM
241,241,03:20:00,P,4,1163.736,b,synthetic-11C,RNA-FAM
242,242,03:20:00,P,6,174.299,a,no_cas12a,RNA-FAM
243,243,03:20:00,P,8,170.482,b,no_cas12a,RNA-FAM
244,244,03:20:00,P,10,177.92,a,no_target,RNA-FAM
245,245,03:20:00,P,12,170.06099999999998,b,no_target,RNA-FAM
246,246,03:20:00,P,14,171.021,a,no_gRNA,RNA-FAM
247,247,03:20:00,P,16,178.10299999999998,b,no_gRNA,RNA-FAM
248,248,03:20:00,P,18,3647.014,a,synthetic-11C,DNA-FAM
249,249,03:20:00,P,20,4095.813,b,synthetic-11C,DNA-FAM
250,250,03:20:00,P,22,30.116,a,no_target,DNA-FAM
251,251,03:20:00,P,24,31.576,b,no_target,DNA-FAM
252,252,03:30:00,P,2,1051.606,a,synthetic-11C,RNA-FAM
253,253,03:30:00,P,4,1208.147,b,synthetic-11C,RNA-FAM
254,254,03:30:00,P,6,177.196,a,no_cas12a,RNA-FAM
255,255,03:30:00,P,8,170.96200000000002,b,no_cas12a,RNA-FAM
256,256,03:30:00,P,10,178.69299999999998,a,no_target,RNA-FAM
257,257,03:30:00,P,12,171.22,b,no_target,RNA-FAM
258,258,03:30:00,P,14,172.093,a,no_gRNA,RNA-FAM
259,259,03:30:00,P,16,178.50400000000002,b,no_gRNA,RNA-FAM
260,260,03:30:00,P,18,3675.158,a,synthetic-11C,DNA-FAM
261,261,03:30:00,P,20,4125.025,b,synthetic-11C,DNA-FAM
262,262,03:30:00,P,22,30.055,a,no_target,DNA-FAM
263,263,03:30:00,P,24,31.81,b,no_target,DNA-FAM
264,264,03:40:00,P,2,1083.382,a,synthetic-11C,RNA-FAM
265,265,03:40:00,P,4,1245.81,b,synthetic-11C,RNA-FAM
266,266,03:40:00,P,6,177.743,a,no_cas12a,RNA-FAM
267,267,03:40:00,P,8,172.28,b,no_cas12a,RNA-FAM
268,268,03:40:00,P,10,181.683,a,no_target,RNA-FAM
269,269,03:40:00,P,12,173.805,b,no_target,RNA-FAM
270,270,03:40:00,P,14,172.484,a,no_gRNA,RNA-FAM
271,271,03:40:00,P,16,180.953,b,no_gRNA,RNA-FAM
272,272,03:40:00,P,18,3697.5609999999997,a,synthetic-11C,DNA-FAM
273,273,03:40:00,P,20,4145.082,b,synthetic-11C,DNA-FAM
274,274,03:40:00,P,22,29.994,a,no_target,DNA-FAM
275,275,03:40:00,P,24,32.07,b,no_target,DNA-FAM
276,276,03:50:00,P,2,1108.144,a,synthetic-11C,RNA-FAM
277,277,03:50:00,P,4,1268.4260000000002,b,synthetic-11C,RNA-FAM
278,278,03:50:00,P,6,180.03099999999998,a,no_cas12a,RNA-FAM
279,279,03:50:00,P,8,173.958,b,no_cas12a,RNA-FAM
280,280,03:50:00,P,10,182.81900000000002,a,no_target,RNA-FAM
281,281,03:50:00,P,12,175.468,b,no_target,RNA-FAM
282,282,03:50:00,P,14,174.55700000000002,a,no_gRNA,RNA-FAM
283,283,03:50:00,P,16,181.825,b,no_gRNA,RNA-FAM
284,284,03:50:00,P,18,3730.599,a,synthetic-11C,DNA-FAM
285,285,03:50:00,P,20,4171.309,b,synthetic-11C,DNA-FAM
286,286,03:50:00,P,22,30.579,a,no_target,DNA-FAM
287,287,03:50:00,P,24,31.953000000000003,b,no_target,DNA-FAM
288,288,04:00:00,P,2,1138.448,a,synthetic-11C,RNA-FAM
289,289,04:00:00,P,4,1304.2089999999998,b,synthetic-11C,RNA-FAM
290,290,04:00:00,P,6,183.172,a,no_cas12a,RNA-FAM
291,291,04:00:00,P,8,175.878,b,no_cas12a,RNA-FAM
292,292,04:00:00,P,10,182.90900000000002,a,no_target,RNA-FAM
293,293,04:00:00,P,12,178.62099999999998,b,no_target,RNA-FAM
294,294,04:00:00,P,14,174.364,a,no_gRNA,RNA-FAM
295,295,04:00:00,P,16,184.935,b,no_gRNA,RNA-FAM
296,296,04:00:00,P,18,3763.097,a,synthetic-11C,DNA-FAM
297,297,04:00:00,P,20,4201.438,b,synthetic-11C,DNA-FAM
298,298,04:00:00,P,22,30.509,a,no_target,DNA-FAM
299,299,04:00:00,P,24,32.641,b,no_target,DNA-FAM
300,300,04:10:00,P,2,1161.881,a,synthetic-11C,RNA-FAM
301,301,04:10:00,P,4,1327.465,b,synthetic-11C,RNA-FAM
302,302,04:10:00,P,6,184.139,a,no_cas12a,RNA-FAM
303,303,04:10:00,P,8,177.204,b,no_cas12a,RNA-FAM
304,304,04:10:00,P,10,186.278,a,no_target,RNA-FAM
305,305,04:10:00,P,12,180.767,b,no_target,RNA-FAM
306,306,04:10:00,P,14,175.169,a,no_gRNA,RNA-FAM
307,307,04:10:00,P,16,187.87400000000002,b,no_gRNA,RNA-FAM
308,308,04:10:00,P,18,3799.1479999999997,a,synthetic-11C,DNA-FAM
309,309,04:10:00,P,20,4227.883,b,synthetic-11C,DNA-FAM
310,310,04:10:00,P,22,30.243000000000002,a,no_target,DNA-FAM
311,311,04:10:00,P,24,32.135,b,no_target,DNA-FAM
312,312,04:20:00,P,2,1179.983,a,synthetic-11C,RNA-FAM
313,313,04:20:00,P,4,1350.6070000000002,b,synthetic-11C,RNA-FAM
314,314,04:20:00,P,6,185.24400000000003,a,no_cas12a,RNA-FAM
315,315,04:20:00,P,8,178.334,b,no_cas12a,RNA-FAM
316,316,04:20:00,P,10,190.092,a,no_target,RNA-FAM
317,317,04:20:00,P,12,183.92,b,no_target,RNA-FAM
318,318,04:20:00,P,14,177.10299999999998,a,no_gRNA,RNA-FAM
319,319,04:20:00,P,16,190.088,b,no_gRNA,RNA-FAM
320,320,04:20:00,P,18,3824.486,a,synthetic-11C,DNA-FAM
321,321,04:20:00,P,20,4260.824,b,synthetic-11C,DNA-FAM
322,322,04:20:00,P,22,31.009,a,no_target,DNA-FAM
323,323,04:20:00,P,24,32.905,b,no_target,DNA-FAM
324,324,04:30:00,P,2,1206.77,a,synthetic-11C,RNA-FAM
325,325,04:30:00,P,4,1379.753,b,synthetic-11C,RNA-FAM
326,326,04:30:00,P,6,188.05700000000002,a,no_cas12a,RNA-FAM
327,327,04:30:00,P,8,181.139,b,no_cas12a,RNA-FAM
328,328,04:30:00,P,10,190.68400000000003,a,no_target,RNA-FAM
329,329,04:30:00,P,12,187.13299999999998,b,no_target,RNA-FAM
330,330,04:30:00,P,14,179.998,a,no_gRNA,RNA-FAM
331,331,04:30:00,P,16,194.44099999999997,b,no_gRNA,RNA-FAM
332,332,04:30:00,P,18,3870.531,a,synthetic-11C,DNA-FAM
333,333,04:30:00,P,20,4289.094,b,synthetic-11C,DNA-FAM
334,334,04:30:00,P,22,31.24,a,no_target,DNA-FAM
335,335,04:30:00,P,24,32.988,b,no_target,DNA-FAM
336,336,04:40:00,P,2,1219.753,a,synthetic-11C,RNA-FAM
337,337,04:40:00,P,4,1398.099,b,synthetic-11C,RNA-FAM
338,338,04:40:00,P,6,189.922,a,no_cas12a,RNA-FAM
339,339,04:40:00,P,8,182.165,b,no_cas12a,RNA-FAM
340,340,04:40:00,P,10,191.96,a,no_target,RNA-FAM
341,341,04:40:00,P,12,190.003,b,no_target,RNA-FAM
342,342,04:40:00,P,14,180.757,a,no_gRNA,RNA-FAM
343,343,04:40:00,P,16,198.30900000000003,b,no_gRNA,RNA-FAM
344,344,04:40:00,P,18,3889.407,a,synthetic-11C,DNA-FAM
346,346,04:40:00,P,22,30.884,a,no_target,DNA-FAM
347,347,04:40:00,P,24,33.597,b,no_target,DNA-FAM
348,348,04:50:00,P,2,1234.271,a,synthetic-11C,RNA-FAM
349,349,04:50:00,P,4,1411.249,b,synthetic-11C,RNA-FAM
350,350,04:50:00,P,6,191.76,a,no_cas12a,RNA-FAM
351,351,04:50:00,P,8,183.326,b,no_cas12a,RNA-FAM
352,352,04:50:00,P,10,194.34,a,no_target,RNA-FAM
353,353,04:50:00,P,12,191.392,b,no_target,RNA-FAM
354,354,04:50:00,P,14,183.308,a,no_gRNA,RNA-FAM
355,355,04:50:00,P,16,198.237,b,no_gRNA,RNA-FAM
356,356,04:50:00,P,18,3920.728,a,synthetic-11C,DNA-FAM
358,358,04:50:00,P,22,31.688000000000002,a,no_target,DNA-FAM
359,359,04:50:00,P,24,33.663000000000004,b,no_target,DNA-FAM
360,360,05:00:00,P,2,1246.761,a,synthetic-11C,RNA-FAM
361,361,05:00:00,P,4,1423.81,b,synthetic-11C,RNA-FAM
362,362,05:00:00,P,6,192.157,a,no_cas12a,RNA-FAM
363,363,05:00:00,P,8,188.997,b,no_cas12a,RNA-FAM
364,364,05:00:00,P,10,198.169,a,no_target,RNA-FAM
365,365,05:00:00,P,12,192.717,b,no_target,RNA-FAM
366,366,05:00:00,P,14,184.208,a,no_gRNA,RNA-FAM
367,367,05:00:00,P,16,202.00599999999997,b,no_gRNA,RNA-FAM
368,368,05:00:00,P,18,3965.575,a,synthetic-11C,DNA-FAM
370,370,05:00:00,P,22,31.979,a,no_target,DNA-FAM
371,371,05:00:00,P,24,33.288000000000004,b,no_target,DNA-FAM
372,372,05:10:00,P,2,1257.133,a,synthetic-11C,RNA-FAM
373,373,05:10:00,P,4,1439.691,b,synthetic-11C,RNA-FAM
374,374,05:10:00,P,6,195.88299999999998,a,no_cas12a,RNA-FAM
375,375,05:10:00,P,8,189.373,b,no_cas12a,RNA-FAM
376,376,05:10:00,P,10,200.47400000000002,a,no_target,RNA-FAM
377,377,05:10:00,P,12,197.248,b,no_target,RNA-FAM
378,378,05:10:00,P,14,184.207,a,no_gRNA,RNA-FAM
379,379,05:10:00,P,16,204.946,b,no_gRNA,RNA-FAM
380,380,05:10:00,P,18,3972.033,a,synthetic-11C,DNA-FAM
382,382,05:10:00,P,22,31.734,a,no_target,DNA-FAM
383,383,05:10:00,P,24,33.411,b,no_target,DNA-FAM
384,384,05:20:00,P,2,1275.489,a,synthetic-11C,RNA-FAM
385,385,05:20:00,P,4,1455.108,b,synthetic-11C,RNA-FAM
386,386,05:20:00,P,6,197.53599999999997,a,no_cas12a,RNA-FAM
387,387,05:20:00,P,8,192.425,b,no_cas12a,RNA-FAM
388,388,05:20:00,P,10,204.18900000000002,a,no_target,RNA-FAM
389,389,05:20:00,P,12,197.40900000000002,b,no_target,RNA-FAM
390,390,05:20:00,P,14,186.892,a,no_gRNA,RNA-FAM
391,391,05:20:00,P,16,210.11,b,no_gRNA,RNA-FAM
392,392,05:20:00,P,18,4011.678,a,synthetic-11C,DNA-FAM
394,394,05:20:00,P,22,32.294000000000004,a,no_target,DNA-FAM
395,395,05:20:00,P,24,34.217,b,no_target,DNA-FAM
396,396,05:30:00,P,2,1284.211,a,synthetic-11C,RNA-FAM
397,397,05:30:00,P,4,1450.505,b,synthetic-11C,RNA-FAM
398,398,05:30:00,P,6,200.195,a,no_cas12a,RNA-FAM
399,399,05:30:00,P,8,193.955,b,no_cas12a,RNA-FAM
400,400,05:30:00,P,10,205.092,a,no_target,RNA-FAM
401,401,05:30:00,P,12,199.34400000000002,b,no_target,RNA-FAM
402,402,05:30:00,P,14,189.298,a,no_gRNA,RNA-FAM
403,403,05:30:00,P,16,212.46099999999998,b,no_gRNA,RNA-FAM
404,404,05:30:00,P,18,4021.6490000000003,a,synthetic-11C,DNA-FAM
406,406,05:30:00,P,22,33.185,a,no_target,DNA-FAM
407,407,05:30:00,P,24,34.437,b,no_target,DNA-FAM
408,408,05:40:00,P,2,1289.875,a,synthetic-11C,RNA-FAM
409,409,05:40:00,P,4,1446.835,b,synthetic-11C,RNA-FAM
410,410,05:40:00,P,6,198.21099999999998,a,no_cas12a,RNA-FAM
411,411,05:40:00,P,8,193.27200000000002,b,no_cas12a,RNA-FAM
412,412,05:40:00,P,10,205.739,a,no_target,RNA-FAM
413,413,05:40:00,P,12,197.775,b,no_target,RNA-FAM
414,414,05:40:00,P,14,188.291,a,no_gRNA,RNA-FAM
415,415,05:40:00,P,16,213.576,b,no_gRNA,RNA-FAM
416,416,05:40:00,P,18,4048.0190000000002,a,synthetic-11C,DNA-FAM
418,418,05:40:00,P,22,33.589,a,no_target,DNA-FAM
419,419,05:40:00,P,24,35.175,b,no_target,DNA-FAM
420,420,05:50:00,P,2,1272.999,a,synthetic-11C,RNA-FAM
421,421,05:50:00,P,4,1394.4379999999999,b,synthetic-11C,RNA-FAM
422,422,05:50:00,P,6,192.80200000000002,a,no_cas12a,RNA-FAM
423,423,05:50:00,P,8,185.94,b,no_cas12a,RNA-FAM
424,424,05:50:00,P,10,199.975,a,no_target,RNA-FAM
425,425,05:50:00,P,12,190.53,b,no_target,RNA-FAM
426,426,05:50:00,P,14,182.335,a,no_gRNA,RNA-FAM
427,427,05:50:00,P,16,211.68099999999998,b,no_gRNA,RNA-FAM
428,428,05:50:00,P,18,3959.008,a,synthetic-11C,DNA-FAM
430,430,05:50:00,P,22,32.971,a,no_target,DNA-FAM
431,431,05:50:00,P,24,34.579,b,no_target,DNA-FAM
