,PlateNumber,PlateRepeat,Barcode,Group,Well,Sample,Label,Kinetic,ScanX,ScanY,MeasInfo,Wavelength,MeasTime,Signal,Flashes/Time,Result,Formula,Unnamed: 17,replicate,standard_conc,kit,sample_set,row_384,column_384
0,1,1.0,"=""=""""""""""""""""",1.0,A01,-,US LUM 384 (cps)(1),0.0,0.0,0.0,De=USLum Ex=N/A Em=N/A Wdw=N/A (12),0.0,00:00:00.000,426656.0,0.1,4266560.0,,,a,10,AMP,AMP_standard,A,01
2,1,1.0,"=""=""""""""""""""""",1.0,A02,-,US LUM 384 (cps)(1),0.0,0.0,0.0,De=USLum Ex=N/A Em=N/A Wdw=N/A (12),0.0,00:00:00.202,15500.0,0.1,155000.0,,,water,water,water,water,A,02
4,1,1.0,"=""=""""""""""""""""",1.0,A03,-,US LUM 384 (cps)(1),0.0,0.0,0.0,De=USLum Ex=N/A Em=N/A Wdw=N/A (12),0.0,00:00:00.423,229228.0,0.1,2292280.0,,,a,5,AMP,AMP_standard,A,03
6,1,1.0,"=""=""""""""""""""""",1.0,A04,-,US LUM 384 (cps)(1),0.0,0.0,0.0,De=USLum Ex=N/A Em=N/A Wdw=N/A (12),0.0,00:00:00.655,20588.0,0.1,205880.0,,,water,water,water,water,A,04
8,1,1.0,"=""=""""""""""""""""",1.0,A05,-,US LUM 384 (cps)(1),0.0,0.0,0.0,De=USLum Ex=N/A Em=N/A Wdw=N/A (12),0.0,00:00:00.888,75952.0,0.1,759520.0,,,a,2.5,AMP,AMP_standard,A,05
10,1,1.0,"=""=""""""""""""""""",1.0,A06,-,US LUM 384 (cps)(1),0.0,0.0,0.0,De=USLum Ex=N/A Em=N/A Wdw=N/A (12),0.0,00:00:01.081,16140.0,0.1,161400.0,,,water,water,water,water,A,06
12,1,1.0,"=""=""""""""""""""""",1.0,A07,-,US LUM 384 (cps)(1),0.0,0.0,0.0,De=USLum Ex=N/A Em=N/A Wdw=N/A (12),0.0,00:00:01.274,36744.0,0.1,367440.0,,,a,1.25,AMP,AMP_standard,A,07
14,1,1.0,"=""=""""""""""""""""",1.0,A08,-,US LUM 384 (cps)(1),0.0,0.0,0.0,De=USLum Ex=N/A Em=N/A Wdw=N/A (12),0.0,00:00:01.468,7688.0,0.1,76880.0,,,water,water,water,water,A,08
16,1,1.0,"=""=""""""""""""""""",1.0,A09,-,US LUM 384 (cps)(1),0.0,0.0,0.0,De=USLum Ex=N/A Em=N/A Wdw=N/A (12),0.0,00:00:01.660,18128.0,0.1,181280.0,,,a,0.6125,AMP,AMP_standard,A,09
18,1,1.0,"=""=""""""""""""""""",1.0,A10,-,US LUM 384 (cps)(1),0.0,0.0,0.0,De=USLum Ex=N/A Em=N/A Wdw=N/A (12),0.0,00:00:01.854,3756.0,0.1,37560.0,,,water,water,water,water,A,10
20,1,1.0,"=""=""""""""""""""""",1.0,A11,-,US LUM 384 (cps)(1),0.0,0.0,0.0,De=USLum Ex=N/A Em=N/A Wdw=N/A (12),0.0,00:00:02.048,10912.0,0.1,109120.0,,,a,0.3125,AMP,AMP_standard,A,11
22,1,1.0,"=""=""""""""""""""""",1.0,A12,-,US LUM 384 (cps)(1),0.0,0.0,0.0,De=USLum Ex=N/A Em=N/A Wdw=N/A (12),0.0,00:00:02.241,1900.0,0.1,19000.0,,,water,water,water,water,A,12
24,1,1.0,"=""=""""""""""""""""",1.0,A13,-,US LUM 384 (cps)(1),0.0,0.0,0.0,De=USLum Ex=N/A Em=N/A Wdw=N/A (12),0.0,00:00:02.435,6916.0,0.1,69160.0,,,a,0.15625,AMP,AMP_standard,A,13
26,1,1.0,"=""=""""""""""""""""",1.0,A14,-,US LUM 384 (cps)(1),0.0,0.0,0.0,De=USLum Ex=N/A Em=N/A Wdw=N/A (12),0.0,00:00:02.629,1048.0,0.1,10480.0,,,water,water,water,water,A,14
28,1,1.0,"=""=""""""""""""""""",1.0,A15,-,US LUM 384 (cps)(1),0.0,0.0,0.0,De=USLum Ex=N/A Em=N/A Wdw=N/A (12),0.0,00:00:02.821,4176.0,0.1,41760.0,,,a,0.078125,AMP,AMP_standard,A,15
30,1,1.0,"=""=""""""""""""""""",1.0,A16,-,US LUM 384 (cps)(1),0.0,0.0,0.0,De=USLum Ex=N/A Em=N/A Wdw=N/A (12),0.0,00:00:03.015,708.0,0.1,7080.0,,,water,water,water,water,A,16
32,1,1.0,"=""=""""""""""""""""",1.0,A17,-,US LUM 384 (cps)(1),0.0,0.0,0.0,De=USLum Ex=N/A Em=N/A Wdw=N/A (12),0.0,00:00:03.208,2308.0,0.1,23080.0,,,a,0.0390625,AMP,AMP_standard,A,17
34,1,1.0,"=""=""""""""""""""""",1.0,A18,-,US LUM 384 (cps)(1),0.0,0.0,0.0,De=USLum Ex=N/A Em=N/A Wdw=N/A (12),0.0,00:00:03.402,484.0,0.1,4840.0,,,water,water,water,water,A,18
36,1,1.0,"=""=""""""""""""""""",1.0,A19,-,US LUM 384 (cps)(1),0.0,0.0,0.0,De=USLum Ex=N/A Em=N/A Wdw=N/A (12),0.0,00:00:03.595,2128.0,0.1,21280.0,,,a,0.0195312,AMP,AMP_standard,A,19
38,1,1.0,"=""=""""""""""""""""",1.0,A20,-,US LUM 384 (cps)(1),0.0,0.0,0.0,De=USLum Ex=N/A Em=N/A Wdw=N/A (12),0.0,00:00:03.789,544.0,0.1,5440.0,,,water,water,water,water,A,20
40,1,1.0,"=""=""""""""""""""""",1.0,A21,-,US LUM 384 (cps)(1),0.0,0.0,0.0,De=USLum Ex=N/A Em=N/A Wdw=N/A (12),0.0,00:00:03.983,4976.0,0.1,49760.0,,,a,0.0097656,AMP,AMP_standard,A,21
42,1,1.0,"=""=""""""""""""""""",1.0,A22,-,US LUM 384 (cps)(1),0.0,0.0,0.0,De=USLum Ex=N/A Em=N/A Wdw=N/A (12),0.0,00:00:04.177,408.0,0.1,4080.0,,,water,water,water,water,A,22
44,1,1.0,"=""=""""""""""""""""",1.0,A23,-,US LUM 384 (cps)(1),0.0,0.0,0.0,De=USLum Ex=N/A Em=N/A Wdw=N/A (12),0.0,00:00:04.370,2660.0,0.1,26600.0,,,a,0,AMP,AMP_standard,A,23
46,1,1.0,"=""=""""""""""""""""",1.0,A24,-,US LUM 384 (cps)(1),0.0,0.0,0.0,De=USLum Ex=N/A Em=N/A Wdw=N/A (12),0.0,00:00:04.564,324.0,0.1,3240.0,,,water,water,water,water,A,24
48,1,1.0,"=""=""""""""""""""""",1.0,B01,-,US LUM 384 (cps)(1),0.0,0.0,0.0,De=USLum Ex=N/A Em=N/A Wdw=N/A (12),0.0,00:00:09.275,19488.0,0.1,194880.0,,,a,0,AMP,AMP_0_proximal,B,01
50,1,1.0,"=""=""""""""""""""""",1.0,B02,-,US LUM 384 (cps)(1),0.0,0.0,0.0,De=USLum Ex=N/A Em=N/A Wdw=N/A (12),0.0,00:00:09.081,5012.0,0.1,50120.0,,,water,water,water,water,B,02
52,1,1.0,"=""=""""""""""""""""",1.0,B03,-,US LUM 384 (cps)(1),0.0,0.0,0.0,De=USLum Ex=N/A Em=N/A Wdw=N/A (12),0.0,00:00:08.888,11096.0,0.1,110960.0,,,a,0,AMP,AMP_0_proximal,B,03
54,1,1.0,"=""=""""""""""""""""",1.0,B04,-,US LUM 384 (cps)(1),0.0,0.0,0.0,De=USLum Ex=N/A Em=N/A Wdw=N/A (12),0.0,00:00:08.694,4060.0,0.1,40600.0,,,water,water,water,water,B,04
56,1,1.0,"=""=""""""""""""""""",1.0,B05,-,US LUM 384 (cps)(1),0.0,0.0,0.0,De=USLum Ex=N/A Em=N/A Wdw=N/A (12),0.0,00:00:08.500,9760.0,0.1,97600.0,,,a,0,AMP,AMP_0_proximal,B,05
58,1,1.0,"=""=""""""""""""""""",1.0,B06,-,US LUM 384 (cps)(1),0.0,0.0,0.0,De=USLum Ex=N/A Em=N/A Wdw=N/A (12),0.0,00:00:08.307,9696.0,0.1,96960.0,,,water,water,water,water,B,06
60,1,1.0,"=""=""""""""""""""""",1.0,B07,-,US LUM 384 (cps)(1),0.0,0.0,0.0,De=USLum Ex=N/A Em=N/A Wdw=N/A (12),0.0,00:00:08.113,8868.0,0.1,88680.0,,,a,0,AMP,AMP_0_proximal,B,07
62,1,1.0,"=""=""""""""""""""""",1.0,B08,-,US LUM 384 (cps)(1),0.0,0.0,0.0,De=USLum Ex=N/A Em=N/A Wdw=N/A (12),0.0,00:00:07.919,5916.0,0.1,59160.0,,,water,water,water,water,B,08
64,1,1.0,"=""=""""""""""""""""",1.0,B09,-,US LUM 384 (cps)(1),0.0,0.0,0.0,De=USLum Ex=N/A Em=N/A Wdw=N/A (12),0.0,00:00:07.725,5632.0,0.1,56320.0,,,a,0,AMP,AMP_0_proximal,B,09
66,1,1.0,"=""=""""""""""""""""",1.0,B10,-,US LUM 384 (cps)(1),0.0,0.0,0.0,De=USLum Ex=N/A Em=N/A Wdw=N/A (12),0.0,00:00:07.531,2924.0,0.1,29240.0,,,water,water,water,water,B,10
68,1,1.0,"=""=""""""""""""""""",1.0,B11,-,US LUM 384 (cps)(1),0.0,0.0,0.0,De=USLum Ex=N/A Em=N/A Wdw=N/A (12),0.0,00:00:07.338,3720.0,0.1,37200.0,,,a,0,AMP,AMP_0_proximal,B,11
70,1,1.0,"=""=""""""""""""""""",1.0,B12,-,US LUM 384 (cps)(1),0.0,0.0,0.0,De=USLum Ex=N/A Em=N/A Wdw=N/A (12),0.0,00:00:07.144,1496.0,0.1,14960.0,,,water,water,water,water,B,12
72,1,1.0,"=""=""""""""""""""""",1.0,B13,-,US LUM 384 (cps)(1),0.0,0.0,0.0,De=USLum Ex=N/A Em=N/A Wdw=N/A (12),0.0,00:00:06.950,2884.0,0.1,28840.0,,,a,0,AMP,AMP_0_proximal,B,13
74,1,1.0,"=""=""""""""""""""""",1.0,B14,-,US LUM 384 (cps)(1),0.0,0.0,0.0,De=USLum Ex=N/A Em=N/A Wdw=N/A (12),0.0,00:00:06.757,892.0,0.1,8920.0,,,water,water,water,water,B,14
76,1,1.0,"=""=""""""""""""""""",1.0,B15,-,US LUM 384 (cps)(1),0.0,0.0,0.0,De=USLum Ex=N/A Em=N/A Wdw=N/A (12),0.0,00:00:06.563,2368.0,0.1,23680.0,,,a,0,AMP,AMP_0_proximal,B,15
78,1,1.0,"=""=""""""""""""""""",1.0,B16,-,US LUM 384 (cps)(1),0.0,0.0,0.0,De=USLum Ex=N/A Em=N/A Wdw=N/A (12),0.0,00:00:06.369,608.0,0.1,6080.0,,,water,water,water,water,B,16
80,1,1.0,"=""=""""""""""""""""",1.0,B17,-,US LUM 384 (cps)(1),0.0,0.0,0.0,De=USLum Ex=N/A Em=N/A Wdw=N/A (12),0.0,00:00:06.176,2112.0,0.1,21120.0,,,a,0,AMP,AMP_0_proximal,B,17
82,1,1.0,"=""=""""""""""""""""",1.0,B18,-,US LUM 384 (cps)(1),0.0,0.0,0.0,De=USLum Ex=N/A Em=N/A Wdw=N/A (12),0.0,00:00:05.983,488.0,0.1,4880.0,,,water,water,water,water,B,18
84,1,1.0,"=""=""""""""""""""""",1.0,B19,-,US LUM 384 (cps)(1),0.0,0.0,0.0,De=USLum Ex=N/A Em=N/A Wdw=N/A (12),0.0,00:00:05.789,2284.0,0.1,22840.0,,,a,0,AMP,AMP_0_proximal,B,19
86,1,1.0,"=""=""""""""""""""""",1.0,B20,-,US LUM 384 (cps)(1),0.0,0.0,0.0,De=USLum Ex=N/A Em=N/A Wdw=N/A (12),0.0,00:00:05.595,472.0,0.1,4720.0,,,water,water,water,water,B,20
88,1,1.0,"=""=""""""""""""""""",1.0,B21,-,US LUM 384 (cps)(1),0.0,0.0,0.0,De=USLum Ex=N/A Em=N/A Wdw=N/A (12),0.0,00:00:05.401,2876.0,0.1,28760.0,,,a,0,AMP,AMP_0_proximal,B,21
90,1,1.0,"=""=""""""""""""""""",1.0,B22,-,US LUM 384 (cps)(1),0.0,0.0,0.0,De=USLum Ex=N/A Em=N/A Wdw=N/A (12),0.0,00:00:05.207,468.0,0.1,4680.0,,,water,water,water,water,B,22
92,1,1.0,"=""=""""""""""""""""",1.0,B23,-,US LUM 384 (cps)(1),0.0,0.0,0.0,De=USLum Ex=N/A Em=N/A Wdw=N/A (12),0.0,00:00:05.014,2368.0,0.1,23680.0,,,a,0,AMP,AMP_0_proximal,B,23
94,1,1.0,"=""=""""""""""""""""",1.0,B24,-,US LUM 384 (cps)(1),0.0,0.0,0.0,De=USLum Ex=N/A Em=N/A Wdw=N/A (12),0.0,00:00:04.821,284.0,0.1,2840.0,,,water,water,water,water,B,24
96,1,1.0,"=""=""""""""""""""""",1.0,C01,-,US LUM 384 (cps)(1),0.0,0.0,0.0,De=USLum Ex=N/A Em=N/A Wdw=N/A (12),0.0,00:00:09.531,358112.0,0.1,3581120.0,,,b,10,AMP,AMP_standard,C,01
98,1,1.0,"=""=""""""""""""""""",1.0,C02,-,US LUM 384 (cps)(1),0.0,0.0,0.0,De=USLum Ex=N/A Em=N/A Wdw=N/A (12),0.0,00:00:09.724,13564.0,0.1,135640.0,,,water,water,water,water,C,02
100,1,1.0,"=""=""""""""""""""""",1.0,C03,-,US LUM 384 (cps)(1),0.0,0.0,0.0,De=USLum Ex=N/A Em=N/A Wdw=N/A (12),0.0,00:00:09.918,188120.0,0.1,1881200.0,,,b,5,AMP,AMP_standard,C,03
102,1,1.0,"=""=""""""""""""""""",1.0,C04,-,US LUM 384 (cps)(1),0.0,0.0,0.0,De=USLum Ex=N/A Em=N/A Wdw=N/A (12),0.0,00:00:10.111,18212.0,0.1,182120.0,,,water,water,water,water,C,04
104,1,1.0,"=""=""""""""""""""""",1.0,C05,-,US LUM 384 (cps)(1),0.0,0.0,0.0,De=USLum Ex=N/A Em=N/A Wdw=N/A (12),0.0,00:00:10.304,80448.0,0.1,804480.0,,,b,2.5,AMP,AMP_standard,C,05
106,1,1.0,"=""=""""""""""""""""",1.0,C06,-,US LUM 384 (cps)(1),0.0,0.0,0.0,De=USLum Ex=N/A Em=N/A Wdw=N/A (12),0.0,00:00:10.498,16512.0,0.1,165120.0,,,water,water,water,water,C,06
108,1,1.0,"=""=""""""""""""""""",1.0,C07,-,US LUM 384 (cps)(1),0.0,0.0,0.0,De=USLum Ex=N/A Em=N/A Wdw=N/A (12),0.0,00:00:10.692,38400.0,0.1,384000.0,,,b,1.25,AMP,AMP_standard,C,07
110,1,1.0,"=""=""""""""""""""""",1.0,C08,-,US LUM 384 (cps)(1),0.0,0.0,0.0,De=USLum Ex=N/A Em=N/A Wdw=N/A (12),0.0,00:00:10.886,8980.0,0.1,89800.0,,,water,water,water,water,C,08
112,1,1.0,"=""=""""""""""""""""",1.0,C09,-,US LUM 384 (cps)(1),0.0,0.0,0.0,De=USLum Ex=N/A Em=N/A Wdw=N/A (12),0.0,00:00:11.079,15868.0,0.1,158680.0,,,b,0.6125,AMP,AMP_standard,C,09
114,1,1.0,"=""=""""""""""""""""",1.0,C10,-,US LUM 384 (cps)(1),0.0,0.0,0.0,De=USLum Ex=N/A Em=N/A Wdw=N/A (12),0.0,00:00:11.273,4088.0,0.1,40880.0,,,water,water,water,water,C,10
116,1,1.0,"=""=""""""""""""""""",1.0,C11,-,US LUM 384 (cps)(1),0.0,0.0,0.0,De=USLum Ex=N/A Em=N/A Wdw=N/A (12),0.0,00:00:11.467,10056.0,0.1,100560.0,,,b,0.3125,AMP,AMP_standard,C,11
118,1,1.0,"=""=""""""""""""""""",1.0,C12,-,US LUM 384 (cps)(1),0.0,0.0,0.0,De=USLum Ex=N/A Em=N/A Wdw=N/A (12),0.0,00:00:11.660,2152.0,0.1,21520.0,,,water,water,water,water,C,12
120,1,1.0,"=""=""""""""""""""""",1.0,C13,-,US LUM 384 (cps)(1),0.0,0.0,0.0,De=USLum Ex=N/A Em=N/A Wdw=N/A (12),0.0,00:00:11.855,6636.0,0.1,66360.0,,,b,0.15625,AMP,AMP_standard,C,13
122,1,1.0,"=""=""""""""""""""""",1.0,C14,-,US LUM 384 (cps)(1),0.0,0.0,0.0,De=USLum Ex=N/A Em=N/A Wdw=N/A (12),0.0,00:00:12.047,1188.0,0.1,11880.0,,,water,water,water,water,C,14
124,1,1.0,"=""=""""""""""""""""",1.0,C15,-,US LUM 384 (cps)(1),0.0,0.0,0.0,De=USLum Ex=N/A Em=N/A Wdw=N/A (12),0.0,00:00:12.239,3932.0,0.1,39320.0,,,b,0.078125,AMP,AMP_standard,C,15
126,1,1.0,"=""=""""""""""""""""",1.0,C16,-,US LUM 384 (cps)(1),0.0,0.0,0.0,De=USLum Ex=N/A Em=N/A Wdw=N/A (12),0.0,00:00:12.433,756.0,0.1,7560.0,,,water,water,water,water,C,16
128,1,1.0,"=""=""""""""""""""""",1.0,C17,-,US LUM 384 (cps)(1),0.0,0.0,0.0,De=USLum Ex=N/A Em=N/A Wdw=N/A (12),0.0,00:00:12.627,2780.0,0.1,27800.0,,,b,0.0390625,AMP,AMP_standard,C,17
130,1,1.0,"=""=""""""""""""""""",1.0,C18,-,US LUM 384 (cps)(1),0.0,0.0,0.0,De=USLum Ex=N/A Em=N/A Wdw=N/A (12),0.0,00:00:12.821,576.0,0.1,5760.0,,,water,water,water,water,C,18
132,1,1.0,"=""=""""""""""""""""",1.0,C19,-,US LUM 384 (cps)(1),0.0,0.0,0.0,De=USLum Ex=N/A Em=N/A Wdw=N/A (12),0.0,00:00:13.015,2912.0,0.1,29120.0,,,b,0.0195312,AMP,AMP_standard,C,19
134,1,1.0,"=""=""""""""""""""""",1.0,C20,-,US LUM 384 (cps)(1),0.0,0.0,0.0,De=USLum Ex=N/A Em=N/A Wdw=N/A (12),0.0,00:00:13.208,580.0,0.1,5800.0,,,water,water,water,water,C,20
136,1,1.0,"=""=""""""""""""""""",1.0,C21,-,US LUM 384 (cps)(1),0.0,0.0,0.0,De=USLum Ex=N/A Em=N/A Wdw=N/A (12),0.0,00:00:13.401,4312.0,0.1,43120.0,,,b,0.0097656,AMP,AMP_standard,C,21
138,1,1.0,"=""=""""""""""""""""",1.0,C22,-,US LUM 384 (cps)(1),0.0,0.0,0.0,De=USLum Ex=N/A Em=N/A Wdw=N/A (12),0.0,00:00:13.594,476.0,0.1,4760.0,,,water,water,water,water,C,22
140,1,1.0,"=""=""""""""""""""""",1.0,C23,-,US LUM 384 (cps)(1),0.0,0.0,0.0,De=USLum Ex=N/A Em=N/A Wdw=N/A (12),0.0,00:00:13.787,2612.0,0.1,26120.0,,,b,0,AMP,AMP_standard,C,23
142,1,1.0,"=""=""""""""""""""""",1.0,C24,-,US LUM 384 (cps)(1),0.0,0.0,0.0,De=USLum Ex=N/A Em=N/A Wdw=N/A (12),0.0,00:00:13.981,288.0,0.1,2880.0,,,water,water,water,water,C,24
144,1,1.0,"=""=""""""""""""""""",1.0,D01,-,US LUM 384 (cps)(1),0.0,0.0,0.0,De=USLum Ex=N/A Em=N/A Wdw=N/A (12),0.0,00:00:18.695,17376.0,0.1,173760.0,,,b,0,AMP,AMP_0_proximal,D,01
146,1,1.0,"=""=""""""""""""""""",1.0,D02,-,US LUM 384 (cps)(1),0.0,0.0,0.0,De=USLum Ex=N/A Em=N/A Wdw=N/A (12),0.0,00:00:18.501,4396.0,0.1,43960.0,,,water,water,water,water,D,02
148,1,1.0,"=""=""""""""""""""""",1.0,D03,-,US LUM 384 (cps)(1),0.0,0.0,0.0,De=USLum Ex=N/A Em=N/A Wdw=N/A (12),0.0,00:00:18.307,10624.0,0.1,106240.0,,,b,0,AMP,AMP_0_proximal,D,03
150,1,1.0,"=""=""""""""""""""""",1.0,D04,-,US LUM 384 (cps)(1),0.0,0.0,0.0,De=USLum Ex=N/A Em=N/A Wdw=N/A (12),0.0,00:00:18.113,3992.0,0.1,39920.0,,,water,water,water,water,D,04
152,1,1.0,"=""=""""""""""""""""",1.0,D05,-,US LUM 384 (cps)(1),0.0,0.0,0.0,De=USLum Ex=N/A Em=N/A Wdw=N/A (12),0.0,00:00:17.920,9740.0,0.1,97400.0,,,b,0,AMP,AMP_0_proximal,D,05
154,1,1.0,"=""=""""""""""""""""",1.0,D06,-,US LUM 384 (cps)(1),0.0,0.0,0.0,De=USLum Ex=N/A Em=N/A Wdw=N/A (12),0.0,00:00:17.727,9296.0,0.1,92960.0,,,water,water,water,water,D,06
156,1,1.0,"=""=""""""""""""""""",1.0,D07,-,US LUM 384 (cps)(1),0.0,0.0,0.0,De=USLum Ex=N/A Em=N/A Wdw=N/A (12),0.0,00:00:17.532,9256.0,0.1,92560.0,,,b,0,AMP,AMP_0_proximal,D,07
158,1,1.0,"=""=""""""""""""""""",1.0,D08,-,US LUM 384 (cps)(1),0.0,0.0,0.0,De=USLum Ex=N/A Em=N/A Wdw=N/A (12),0.0,00:00:17.339,6072.0,0.1,60720.0,,,water,water,water,water,D,08
160,1,1.0,"=""=""""""""""""""""",1.0,D09,-,US LUM 384 (cps)(1),0.0,0.0,0.0,De=USLum Ex=N/A Em=N/A Wdw=N/A (12),0.0,00:00:17.145,5992.0,0.1,59920.0,,,b,0,AMP,AMP_0_proximal,D,09
162,1,1.0,"=""=""""""""""""""""",1.0,D10,-,US LUM 384 (cps)(1),0.0,0.0,0.0,De=USLum Ex=N/A Em=N/A Wdw=N/A (12),0.0,00:00:16.951,2964.0,0.1,29640.0,,,water,water,water,water,D,10
164,1,1.0,"=""=""""""""""""""""",1.0,D11,-,US LUM 384 (cps)(1),0.0,0.0,0.0,De=USLum Ex=N/A Em=N/A Wdw=N/A (12),0.0,00:00:16.757,3840.0,0.1,38400.0,,,b,0,AMP,AMP_0_proximal,D,11
166,1,1.0,"=""=""""""""""""""""",1.0,D12,-,US LUM 384 (cps)(1),0.0,0.0,0.0,De=USLum Ex=N/A Em=N/A Wdw=N/A (12),0.0,00:00:16.564,1556.0,0.1,15560.0,,,water,water,water,water,D,12
168,1,1.0,"=""=""""""""""""""""",1.0,D13,-,US LUM 384 (cps)(1),0.0,0.0,0.0,De=USLum Ex=N/A Em=N/A Wdw=N/A (12),0.0,00:00:16.370,2852.0,0.1,28520.0,,,b,0,AMP,AMP_0_proximal,D,13
170,1,1.0,"=""=""""""""""""""""",1.0,D14,-,US LUM 384 (cps)(1),0.0,0.0,0.0,De=USLum Ex=N/A Em=N/A Wdw=N/A (12),0.0,00:00:16.177,908.0,0.1,9080.0,,,water,water,water,water,D,14
172,1,1.0,"=""=""""""""""""""""",1.0,D15,-,US LUM 384 (cps)(1),0.0,0.0,0.0,De=USLum Ex=N/A Em=N/A Wdw=N/A (12),0.0,00:00:15.983,2780.0,0.1,27800.0,,,b,0,AMP,AMP_0_proximal,D,15
174,1,1.0,"=""=""""""""""""""""",1.0,D16,-,US LUM 384 (cps)(1),0.0,0.0,0.0,De=USLum Ex=N/A Em=N/A Wdw=N/A (12),0.0,00:00:15.789,632.0,0.1,6320.0,,,water,water,water,water,D,16
176,1,1.0,"=""=""""""""""""""""",1.0,D17,-,US LUM 384 (cps)(1),0.0,0.0,0.0,De=USLum Ex=N/A Em=N/A Wdw=N/A (12),0.0,00:00:15.595,2216.0,0.1,22160.0,,,b,0,AMP,AMP_0_proximal,D,17
178,1,1.0,"=""=""""""""""""""""",1.0,D18,-,US LUM 384 (cps)(1),0.0,0.0,0.0,De=USLum Ex=N/A Em=N/A Wdw=N/A (12),0.0,00:00:15.401,472.0,0.1,4720.0,,,water,water,water,water,D,18
180,1,1.0,"=""=""""""""""""""""",1.0,D19,-,US LUM 384 (cps)(1),0.0,0.0,0.0,De=USLum Ex=N/A Em=N/A Wdw=N/A (12),0.0,00:00:15.208,2480.0,0.1,24800.0,,,b,0,AMP,AMP_0_proximal,D,19
182,1,1.0,"=""=""""""""""""""""",1.0,D20,-,US LUM 384 (cps)(1),0.0,0.0,0.0,De=USLum Ex=N/A Em=N/A Wdw=N/A (12),0.0,00:00:15.015,444.0,0.1,4440.0,,,water,water,water,water,D,20
184,1,1.0,"=""=""""""""""""""""",1.0,D21,-,US LUM 384 (cps)(1),0.0,0.0,0.0,De=USLum Ex=N/A Em=N/A Wdw=N/A (12),0.0,00:00:14.821,2284.0,0.1,22840.0,,,b,0,AMP,AMP_0_proximal,D,21
186,1,1.0,"=""=""""""""""""""""",1.0,D22,-,US LUM 384 (cps)(1),0.0,0.0,0.0,De=USLum Ex=N/A Em=N/A Wdw=N/A (12),0.0,00:00:14.626,456.0,0.1,4560.0,,,water,water,water,water,D,22
188,1,1.0,"=""=""""""""""""""""",1.0,D23,-,US LUM 384 (cps)(1),0.0,0.0,0.0,De=USLum Ex=N/A Em=N/A Wdw=N/A (12),0.0,00:00:14.433,2644.0,0.1,26440.0,,,b,0,AMP,AMP_0_proximal,D,23
190,1,1.0,"=""=""""""""""""""""",1.0,D24,-,US LUM 384 (cps)(1),0.0,0.0,0.0,De=USLum Ex=N/A Em=N/A Wdw=N/A (12),0.0,00:00:14.240,236.0,0.1,2360.0,,,water,water,water,water,D,24
192,1,1.0,"=""=""""""""""""""""",1.0,E01,-,US LUM 384 (cps)(1),0.0,0.0,0.0,De=USLum Ex=N/A Em=N/A Wdw=N/A (12),0.0,00:00:18.951,337428.0,0.1,3374280.0,,,c,10,AMP,AMP_standard,E,01
194,1,1.0,"=""=""""""""""""""""",1.0,E02,-,US LUM 384 (cps)(1),0.0,0.0,0.0,De=USLum Ex=N/A Em=N/A Wdw=N/A (12),0.0,00:00:19.144,12792.0,0.1,127920.0,,,water,water,water,water,E,02
196,1,1.0,"=""=""""""""""""""""",1.0,E03,-,US LUM 384 (cps)(1),0.0,0.0,0.0,De=USLum Ex=N/A Em=N/A Wdw=N/A (12),0.0,00:00:19.338,182280.0,0.1,1822800.0,,,c,5,AMP,AMP_standard,E,03
198,1,1.0,"=""=""""""""""""""""",1.0,E04,-,US LUM 384 (cps)(1),0.0,0.0,0.0,De=USLum Ex=N/A Em=N/A Wdw=N/A (12),0.0,00:00:19.532,17416.0,0.1,174160.0,,,water,water,water,water,E,04
200,1,1.0,"=""=""""""""""""""""",1.0,E05,-,US LUM 384 (cps)(1),0.0,0.0,0.0,De=USLum Ex=N/A Em=N/A Wdw=N/A (12),0.0,00:00:19.725,74024.0,0.1,740240.0,,,c,2.5,AMP,AMP_standard,E,05
202,1,1.0,"=""=""""""""""""""""",1.0,E06,-,US LUM 384 (cps)(1),0.0,0.0,0.0,De=USLum Ex=N/A Em=N/A Wdw=N/A (12),0.0,00:00:19.919,14136.0,0.1,141360.0,,,water,water,water,water,E,06
204,1,1.0,"=""=""""""""""""""""",1.0,E07,-,US LUM 384 (cps)(1),0.0,0.0,0.0,De=USLum Ex=N/A Em=N/A Wdw=N/A (12),0.0,00:00:20.113,35572.0,0.1,355720.0,,,c,1.25,AMP,AMP_standard,E,07
206,1,1.0,"=""=""""""""""""""""",1.0,E08,-,US LUM 384 (cps)(1),0.0,0.0,0.0,De=USLum Ex=N/A Em=N/A Wdw=N/A (12),0.0,00:00:20.307,7360.0,0.1,73600.0,,,water,water,water,water,E,08
208,1,1.0,"=""=""""""""""""""""",1.0,E09,-,US LUM 384 (cps)(1),0.0,0.0,0.0,De=USLum Ex=N/A Em=N/A Wdw=N/A (12),0.0,00:00:20.501,15896.0,0.1,158960.0,,,c,0.6125,AMP,AMP_standard,E,09
210,1,1.0,"=""=""""""""""""""""",1.0,E10,-,US LUM 384 (cps)(1),0.0,0.0,0.0,De=USLum Ex=N/A Em=N/A Wdw=N/A (12),0.0,00:00:20.695,3576.0,0.1,35760.0,,,water,water,water,water,E,10
212,1,1.0,"=""=""""""""""""""""",1.0,E11,-,US LUM 384 (cps)(1),0.0,0.0,0.0,De=USLum Ex=N/A Em=N/A Wdw=N/A (12),0.0,00:00:20.888,8424.0,0.1,84240.0,,,c,0.3125,AMP,AMP_standard,E,11
214,1,1.0,"=""=""""""""""""""""",1.0,E12,-,US LUM 384 (cps)(1),0.0,0.0,0.0,De=USLum Ex=N/A Em=N/A Wdw=N/A (12),0.0,00:00:21.083,1752.0,0.1,17520.0,,,water,water,water,water,E,12
216,1,1.0,"=""=""""""""""""""""",1.0,E13,-,US LUM 384 (cps)(1),0.0,0.0,0.0,De=USLum Ex=N/A Em=N/A Wdw=N/A (12),0.0,00:00:21.277,5460.0,0.1,54600.0,,,c,0.15625,AMP,AMP_standard,E,13
218,1,1.0,"=""=""""""""""""""""",1.0,E14,-,US LUM 384 (cps)(1),0.0,0.0,0.0,De=USLum Ex=N/A Em=N/A Wdw=N/A (12),0.0,00:00:21.470,1128.0,0.1,11280.0,,,water,water,water,water,E,14
220,1,1.0,"=""=""""""""""""""""",1.0,E15,-,US LUM 384 (cps)(1),0.0,0.0,0.0,De=USLum Ex=N/A Em=N/A Wdw=N/A (12),0.0,00:00:21.663,3828.0,0.1,38280.0,,,c,0.078125,AMP,AMP_standard,E,15
222,1,1.0,"=""=""""""""""""""""",1.0,E16,-,US LUM 384 (cps)(1),0.0,0.0,0.0,De=USLum Ex=N/A Em=N/A Wdw=N/A (12),0.0,00:00:21.857,716.0,0.1,7160.0,,,water,water,water,water,E,16
224,1,1.0,"=""=""""""""""""""""",1.0,E17,-,US LUM 384 (cps)(1),0.0,0.0,0.0,De=USLum Ex=N/A Em=N/A Wdw=N/A (12),0.0,00:00:22.050,2616.0,0.1,26160.0,,,c,0.0390625,AMP,AMP_standard,E,17
226,1,1.0,"=""=""""""""""""""""",1.0,E18,-,US LUM 384 (cps)(1),0.0,0.0,0.0,De=USLum Ex=N/A Em=N/A Wdw=N/A (12),0.0,00:00:22.244,568.0,0.1,5680.0,,,water,water,water,water,E,18
228,1,1.0,"=""=""""""""""""""""",1.0,E19,-,US LUM 384 (cps)(1),0.0,0.0,0.0,De=USLum Ex=N/A Em=N/A Wdw=N/A (12),0.0,00:00:22.438,2548.0,0.1,25480.0,,,c,0.0195312,AMP,AMP_standard,E,19
230,1,1.0,"=""=""""""""""""""""",1.0,E20,-,US LUM 384 (cps)(1),0.0,0.0,0.0,De=USLum Ex=N/A Em=N/A Wdw=N/A (12),0.0,00:00:22.632,512.0,0.1,5120.0,,,water,water,water,water,E,20
232,1,1.0,"=""=""""""""""""""""",1.0,E21,-,US LUM 384 (cps)(1),0.0,0.0,0.0,De=USLum Ex=N/A Em=N/A Wdw=N/A (12),0.0,00:00:22.826,3372.0,0.1,33720.0,,,c,0.0097656,AMP,AMP_standard,E,21
234,1,1.0,"=""=""""""""""""""""",1.0,E22,-,US LUM 384 (cps)(1),0.0,0.0,0.0,De=USLum Ex=N/A Em=N/A Wdw=N/A (12),0.0,00:00:23.018,452.0,0.1,4520.0,,,water,water,water,water,E,22
236,1,1.0,"=""=""""""""""""""""",1.0,E23,-,US LUM 384 (cps)(1),0.0,0.0,0.0,De=USLum Ex=N/A Em=N/A Wdw=N/A (12),0.0,00:00:23.212,2512.0,0.1,25120.0,,,c,0,AMP,AMP_standard,E,23
238,1,1.0,"=""=""""""""""""""""",1.0,E24,-,US LUM 384 (cps)(1),0.0,0.0,0.0,De=USLum Ex=N/A Em=N/A Wdw=N/A (12),0.0,00:00:23.406,304.0,0.1,3040.0,,,water,water,water,water,E,24
240,1,1.0,"=""=""""""""""""""""",1.0,F01,-,US LUM 384 (cps)(1),0.0,0.0,0.0,De=USLum Ex=N/A Em=N/A Wdw=N/A (12),0.0,00:00:28.120,9440.0,0.1,94400.0,,,c,0,AMP,AMP_0_proximal,F,01
242,1,1.0,"=""=""""""""""""""""",1.0,F02,-,US LUM 384 (cps)(1),0.0,0.0,0.0,De=USLum Ex=N/A Em=N/A Wdw=N/A (12),0.0,00:00:27.927,2368.0,0.1,23680.0,,,water,water,water,water,F,02
244,1,1.0,"=""=""""""""""""""""",1.0,F03,-,US LUM 384 (cps)(1),0.0,0.0,0.0,De=USLum Ex=N/A Em=N/A Wdw=N/A (12),0.0,00:00:27.732,5772.0,0.1,57720.0,,,c,0,AMP,AMP_0_proximal,F,03
246,1,1.0,"=""=""""""""""""""""",1.0,F04,-,US LUM 384 (cps)(1),0.0,0.0,0.0,De=USLum Ex=N/A Em=N/A Wdw=N/A (12),0.0,00:00:27.538,2568.0,0.1,25680.0,,,water,water,water,water,F,04
248,1,1.0,"=""=""""""""""""""""",1.0,F05,-,US LUM 384 (cps)(1),0.0,0.0,0.0,De=USLum Ex=N/A Em=N/A Wdw=N/A (12),0.0,00:00:27.345,6384.0,0.1,63840.0,,,c,0,AMP,AMP_0_proximal,F,05
250,1,1.0,"=""=""""""""""""""""",1.0,F06,-,US LUM 384 (cps)(1),0.0,0.0,0.0,De=USLum Ex=N/A Em=N/A Wdw=N/A (12),0.0,00:00:27.151,6048.0,0.1,60480.0,,,water,water,water,water,F,06
252,1,1.0,"=""=""""""""""""""""",1.0,F07,-,US LUM 384 (cps)(1),0.0,0.0,0.0,De=USLum Ex=N/A Em=N/A Wdw=N/A (12),0.0,00:00:26.958,6720.0,0.1,67200.0,,,c,0,AMP,AMP_0_proximal,F,07
254,1,1.0,"=""=""""""""""""""""",1.0,F08,-,US LUM 384 (cps)(1),0.0,0.0,0.0,De=USLum Ex=N/A Em=N/A Wdw=N/A (12),0.0,00:00:26.765,4200.0,0.1,42000.0,,,water,water,water,water,F,08
256,1,1.0,"=""=""""""""""""""""",1.0,F09,-,US LUM 384 (cps)(1),0.0,0.0,0.0,De=USLum Ex=N/A Em=N/A Wdw=N/A (12),0.0,00:00:26.571,5032.0,0.1,50320.0,,,c,0,AMP,AMP_0_proximal,F,09
258,1,1.0,"=""=""""""""""""""""",1.0,F10,-,US LUM 384 (cps)(1),0.0,0.0,0.0,De=USLum Ex=N/A Em=N/A Wdw=N/A (12),0.0,00:00:26.377,2320.0,0.1,23200.0,,,water,water,water,water,F,10
260,1,1.0,"=""=""""""""""""""""",1.0,F11,-,US LUM 384 (cps)(1),0.0,0.0,0.0,De=USLum Ex=N/A Em=N/A Wdw=N/A (12),0.0,00:00:26.183,3392.0,0.1,33920.0,,,c,0,AMP,AMP_0_proximal,F,11
262,1,1.0,"=""=""""""""""""""""",1.0,F12,-,US LUM 384 (cps)(1),0.0,0.0,0.0,De=USLum Ex=N/A Em=N/A Wdw=N/A (12),0.0,00:00:25.990,1296.0,0.1,12960.0,,,water,water,water,water,F,12
264,1,1.0,"=""=""""""""""""""""",1.0,F13,-,US LUM 384 (cps)(1),0.0,0.0,0.0,De=USLum Ex=N/A Em=N/A Wdw=N/A (12),0.0,00:00:25.796,2480.0,0.1,24800.0,,,c,0,AMP,AMP_0_proximal,F,13
266,1,1.0,"=""=""""""""""""""""",1.0,F14,-,US LUM 384 (cps)(1),0.0,0.0,0.0,De=USLum Ex=N/A Em=N/A Wdw=N/A (12),0.0,00:00:25.602,752.0,0.1,7520.0,,,water,water,water,water,F,14
268,1,1.0,"=""=""""""""""""""""",1.0,F15,-,US LUM 384 (cps)(1),0.0,0.0,0.0,De=USLum Ex=N/A Em=N/A Wdw=N/A (12),0.0,00:00:25.408,2504.0,0.1,25040.0,,,c,0,AMP,AMP_0_proximal,F,15
270,1,1.0,"=""=""""""""""""""""",1.0,F16,-,US LUM 384 (cps)(1),0.0,0.0,0.0,De=USLum Ex=N/A Em=N/A Wdw=N/A (12),0.0,00:00:25.214,576.0,0.1,5760.0,,,water,water,water,water,F,16
272,1,1.0,"=""=""""""""""""""""",1.0,F17,-,US LUM 384 (cps)(1),0.0,0.0,0.0,De=USLum Ex=N/A Em=N/A Wdw=N/A (12),0.0,00:00:25.020,2168.0,0.1,21680.0,,,c,0,AMP,AMP_0_proximal,F,17
274,1,1.0,"=""=""""""""""""""""",1.0,F18,-,US LUM 384 (cps)(1),0.0,0.0,0.0,De=USLum Ex=N/A Em=N/A Wdw=N/A (12),0.0,00:00:24.826,496.0,0.1,4960.0,,,water,water,water,water,F,18
276,1,1.0,"=""=""""""""""""""""",1.0,F19,-,US LUM 384 (cps)(1),0.0,0.0,0.0,De=USLum Ex=N/A Em=N/A Wdw=N/A (12),0.0,00:00:24.633,2572.0,0.1,25720.0,,,c,0,AMP,AMP_0_proximal,F,19
278,1,1.0,"=""=""""""""""""""""",1.0,F20,-,US LUM 384 (cps)(1),0.0,0.0,0.0,De=USLum Ex=N/A Em=N/A Wdw=N/A (12),0.0,00:00:24.439,472.0,0.1,4720.0,,,water,water,water,water,F,20
280,1,1.0,"=""=""""""""""""""""",1.0,F21,-,US LUM 384 (cps)(1),0.0,0.0,0.0,De=USLum Ex=N/A Em=N/A Wdw=N/A (12),0.0,00:00:24.246,2508.0,0.1,25080.0,,,c,0,AMP,AMP_0_proximal,F,21
282,1,1.0,"=""=""""""""""""""""",1.0,F22,-,US LUM 384 (cps)(1),0.0,0.0,0.0,De=USLum Ex=N/A Em=N/A Wdw=N/A (12),0.0,00:00:24.052,420.0,0.1,4200.0,,,water,water,water,water,F,22
284,1,1.0,"=""=""""""""""""""""",1.0,F23,-,US LUM 384 (cps)(1),0.0,0.0,0.0,De=USLum Ex=N/A Em=N/A Wdw=N/A (12),0.0,00:00:23.858,2060.0,0.1,20600.0,,,c,0,AMP,AMP_0_proximal,F,23
286,1,1.0,"=""=""""""""""""""""",1.0,F24,-,US LUM 384 (cps)(1),0.0,0.0,0.0,De=USLum Ex=N/A Em=N/A Wdw=N/A (12),0.0,00:00:23.666,248.0,0.1,2480.0,,,water,water,water,water,F,24
288,1,1.0,"=""=""""""""""""""""",1.0,G01,-,US LUM 384 (cps)(1),0.0,0.0,0.0,De=USLum Ex=N/A Em=N/A Wdw=N/A (12),0.0,00:00:28.379,636.0,0.1,6360.0,,,water,water,water,water,G,01
290,1,1.0,"=""=""""""""""""""""",1.0,G02,-,US LUM 384 (cps)(1),0.0,0.0,0.0,De=USLum Ex=N/A Em=N/A Wdw=N/A (12),0.0,00:00:28.573,424.0,0.1,4240.0,,,water,water,water,water,G,02
292,1,1.0,"=""=""""""""""""""""",1.0,G03,-,US LUM 384 (cps)(1),0.0,0.0,0.0,De=USLum Ex=N/A Em=N/A Wdw=N/A (12),0.0,00:00:28.766,544.0,0.1,5440.0,,,water,water,water,water,G,03
294,1,1.0,"=""=""""""""""""""""",1.0,G04,-,US LUM 384 (cps)(1),0.0,0.0,0.0,De=USLum Ex=N/A Em=N/A Wdw=N/A (12),0.0,00:00:28.960,672.0,0.1,6720.0,,,water,water,water,water,G,04
296,1,1.0,"=""=""""""""""""""""",1.0,G05,-,US LUM 384 (cps)(1),0.0,0.0,0.0,De=USLum Ex=N/A Em=N/A Wdw=N/A (12),0.0,00:00:29.153,2220.0,0.1,22200.0,,,water,water,water,water,G,05
298,1,1.0,"=""=""""""""""""""""",1.0,G06,-,US LUM 384 (cps)(1),0.0,0.0,0.0,De=USLum Ex=N/A Em=N/A Wdw=N/A (12),0.0,00:00:29.347,3868.0,0.1,38680.0,,,water,water,water,water,G,06
300,1,1.0,"=""=""""""""""""""""",1.0,G07,-,US LUM 384 (cps)(1),0.0,0.0,0.0,De=USLum Ex=N/A Em=N/A Wdw=N/A (12),0.0,00:00:29.541,3116.0,0.1,31160.0,,,water,water,water,water,G,07
302,1,1.0,"=""=""""""""""""""""",1.0,G08,-,US LUM 384 (cps)(1),0.0,0.0,0.0,De=USLum Ex=N/A Em=N/A Wdw=N/A (12),0.0,00:00:29.735,3036.0,0.1,30360.0,,,water,water,water,water,G,08
304,1,1.0,"=""=""""""""""""""""",1.0,G09,-,US LUM 384 (cps)(1),0.0,0.0,0.0,De=USLum Ex=N/A Em=N/A Wdw=N/A (12),0.0,00:00:29.929,2156.0,0.1,21560.0,,,water,water,water,water,G,09
306,1,1.0,"=""=""""""""""""""""",1.0,G10,-,US LUM 384 (cps)(1),0.0,0.0,0.0,De=USLum Ex=N/A Em=N/A Wdw=N/A (12),0.0,00:00:30.122,1660.0,0.1,16600.0,,,water,water,water,water,G,10
308,1,1.0,"=""=""""""""""""""""",1.0,G11,-,US LUM 384 (cps)(1),0.0,0.0,0.0,De=USLum Ex=N/A Em=N/A Wdw=N/A (12),0.0,00:00:30.315,1172.0,0.1,11720.0,,,water,water,water,water,G,11
310,1,1.0,"=""=""""""""""""""""",1.0,G12,-,US LUM 384 (cps)(1),0.0,0.0,0.0,De=USLum Ex=N/A Em=N/A Wdw=N/A (12),0.0,00:00:30.509,916.0,0.1,9160.0,,,water,water,water,water,G,12
312,1,1.0,"=""=""""""""""""""""",1.0,G13,-,US LUM 384 (cps)(1),0.0,0.0,0.0,De=USLum Ex=N/A Em=N/A Wdw=N/A (12),0.0,00:00:30.703,664.0,0.1,6640.0,,,water,water,water,water,G,13
314,1,1.0,"=""=""""""""""""""""",1.0,G14,-,US LUM 384 (cps)(1),0.0,0.0,0.0,De=USLum Ex=N/A Em=N/A Wdw=N/A (12),0.0,00:00:30.898,520.0,0.1,5200.0,,,water,water,water,water,G,14
316,1,1.0,"=""=""""""""""""""""",1.0,G15,-,US LUM 384 (cps)(1),0.0,0.0,0.0,De=USLum Ex=N/A Em=N/A Wdw=N/A (12),0.0,00:00:31.091,392.0,0.1,3920.0,,,water,water,water,water,G,15
318,1,1.0,"=""=""""""""""""""""",1.0,G16,-,US LUM 384 (cps)(1),0.0,0.0,0.0,De=USLum Ex=N/A Em=N/A Wdw=N/A (12),0.0,00:00:31.284,336.0,0.1,3360.0,,,water,water,water,water,G,16
320,1,1.0,"=""=""""""""""""""""",1.0,G17,-,US LUM 384 (cps)(1),0.0,0.0,0.0,De=USLum Ex=N/A Em=N/A Wdw=N/A (12),0.0,00:00:31.478,260.0,0.1,2600.0,,,water,water,water,water,G,17
322,1,1.0,"=""=""""""""""""""""",1.0,G18,-,US LUM 384 (cps)(1),0.0,0.0,0.0,De=USLum Ex=N/A Em=N/A Wdw=N/A (12),0.0,00:00:31.671,240.0,0.1,2400.0,,,water,water,water,water,G,18
324,1,1.0,"=""=""""""""""""""""",1.0,G19,-,US LUM 384 (cps)(1),0.0,0.0,0.0,De=USLum Ex=N/A Em=N/A Wdw=N/A (12),0.0,00:00:31.866,196.0,0.1,1960.0,,,water,water,water,water,G,19
326,1,1.0,"=""=""""""""""""""""",1.0,G20,-,US LUM 384 (cps)(1),0.0,0.0,0.0,De=USLum Ex=N/A Em=N/A Wdw=N/A (12),0.0,00:00:32.059,220.0,0.1,2200.0,,,water,water,water,water,G,20
328,1,1.0,"=""=""""""""""""""""",1.0,G21,-,US LUM 384 (cps)(1),0.0,0.0,0.0,De=USLum Ex=N/A Em=N/A Wdw=N/A (12),0.0,00:00:32.253,208.0,0.1,2080.0,,,water,water,water,water,G,21
330,1,1.0,"=""=""""""""""""""""",1.0,G22,-,US LUM 384 (cps)(1),0.0,0.0,0.0,De=USLum Ex=N/A Em=N/A Wdw=N/A (12),0.0,00:00:32.447,156.0,0.1,1560.0,,,water,water,water,water,G,22
332,1,1.0,"=""=""""""""""""""""",1.0,G23,-,US LUM 384 (cps)(1),0.0,0.0,0.0,De=USLum Ex=N/A Em=N/A Wdw=N/A (12),0.0,00:00:32.641,164.0,0.1,1640.0,,,water,water,water,water,G,23
334,1,1.0,"=""=""""""""""""""""",1.0,G24,-,US LUM 384 (cps)(1),0.0,0.0,0.0,De=USLum Ex=N/A Em=N/A Wdw=N/A (12),0.0,00:00:32.834,136.0,0.1,1360.0,,,water,water,water,water,G,24
336,1,1.0,"=""=""""""""""""""""",1.0,H01,-,US LUM 384 (cps)(1),0.0,0.0,0.0,De=USLum Ex=N/A Em=N/A Wdw=N/A (12),0.0,00:00:37.545,7068.0,0.1,70680.0,,,a,10,UMP,UMP_standard,H,01
338,1,1.0,"=""=""""""""""""""""",1.0,H02,-,US LUM 384 (cps)(1),0.0,0.0,0.0,De=USLum Ex=N/A Em=N/A Wdw=N/A (12),0.0,00:00:37.352,356.0,0.1,3560.0,,,water,water,water,water,H,02
340,1,1.0,"=""=""""""""""""""""",1.0,H03,-,US LUM 384 (cps)(1),0.0,0.0,0.0,De=USLum Ex=N/A Em=N/A Wdw=N/A (12),0.0,00:00:37.158,3468.0,0.1,34680.0,,,a,5,UMP,UMP_standard,H,03
342,1,1.0,"=""=""""""""""""""""",1.0,H04,-,US LUM 384 (cps)(1),0.0,0.0,0.0,De=USLum Ex=N/A Em=N/A Wdw=N/A (12),0.0,00:00:36.965,748.0,0.1,7480.0,,,water,water,water,water,H,04
344,1,1.0,"=""=""""""""""""""""",1.0,H05,-,US LUM 384 (cps)(1),0.0,0.0,0.0,De=USLum Ex=N/A Em=N/A Wdw=N/A (12),0.0,00:00:36.771,2976.0,0.1,29760.0,,,a,2.5,UMP,UMP_standard,H,05
346,1,1.0,"=""=""""""""""""""""",1.0,H06,-,US LUM 384 (cps)(1),0.0,0.0,0.0,De=USLum Ex=N/A Em=N/A Wdw=N/A (12),0.0,00:00:36.577,2548.0,0.1,25480.0,,,water,water,water,water,H,06
348,1,1.0,"=""=""""""""""""""""",1.0,H07,-,US LUM 384 (cps)(1),0.0,0.0,0.0,De=USLum Ex=N/A Em=N/A Wdw=N/A (12),0.0,00:00:36.384,2980.0,0.1,29800.0,,,a,1.25,UMP,UMP_standard,H,07
350,1,1.0,"=""=""""""""""""""""",1.0,H08,-,US LUM 384 (cps)(1),0.0,0.0,0.0,De=USLum Ex=N/A Em=N/A Wdw=N/A (12),0.0,00:00:36.189,2212.0,0.1,22120.0,,,water,water,water,water,H,08
352,1,1.0,"=""=""""""""""""""""",1.0,H09,-,US LUM 384 (cps)(1),0.0,0.0,0.0,De=USLum Ex=N/A Em=N/A Wdw=N/A (12),0.0,00:00:35.996,1984.0,0.1,19840.0,,,a,0.6125,UMP,UMP_standard,H,09
354,1,1.0,"=""=""""""""""""""""",1.0,H10,-,US LUM 384 (cps)(1),0.0,0.0,0.0,De=USLum Ex=N/A Em=N/A Wdw=N/A (12),0.0,00:00:35.802,1308.0,0.1,13080.0,,,water,water,water,water,H,10
356,1,1.0,"=""=""""""""""""""""",1.0,H11,-,US LUM 384 (cps)(1),0.0,0.0,0.0,De=USLum Ex=N/A Em=N/A Wdw=N/A (12),0.0,00:00:35.608,1184.0,0.1,11840.0,,,a,0.3125,UMP,UMP_standard,H,11
358,1,1.0,"=""=""""""""""""""""",1.0,H12,-,US LUM 384 (cps)(1),0.0,0.0,0.0,De=USLum Ex=N/A Em=N/A Wdw=N/A (12),0.0,00:00:35.415,784.0,0.1,7840.0,,,water,water,water,water,H,12
360,1,1.0,"=""=""""""""""""""""",1.0,H13,-,US LUM 384 (cps)(1),0.0,0.0,0.0,De=USLum Ex=N/A Em=N/A Wdw=N/A (12),0.0,00:00:35.221,680.0,0.1,6800.0,,,a,0.15625,UMP,UMP_standard,H,13
362,1,1.0,"=""=""""""""""""""""",1.0,H14,-,US LUM 384 (cps)(1),0.0,0.0,0.0,De=USLum Ex=N/A Em=N/A Wdw=N/A (12),0.0,00:00:35.027,452.0,0.1,4520.0,,,water,water,water,water,H,14
364,1,1.0,"=""=""""""""""""""""",1.0,H15,-,US LUM 384 (cps)(1),0.0,0.0,0.0,De=USLum Ex=N/A Em=N/A Wdw=N/A (12),0.0,00:00:34.834,440.0,0.1,4400.0,,,a,0.078125,UMP,UMP_standard,H,15
366,1,1.0,"=""=""""""""""""""""",1.0,H16,-,US LUM 384 (cps)(1),0.0,0.0,0.0,De=USLum Ex=N/A Em=N/A Wdw=N/A (12),0.0,00:00:34.641,308.0,0.1,3080.0,,,water,water,water,water,H,16
368,1,1.0,"=""=""""""""""""""""",1.0,H17,-,US LUM 384 (cps)(1),0.0,0.0,0.0,De=USLum Ex=N/A Em=N/A Wdw=N/A (12),0.0,00:00:34.446,264.0,0.1,2640.0,,,a,0.0390625,UMP,UMP_standard,H,17
370,1,1.0,"=""=""""""""""""""""",1.0,H18,-,US LUM 384 (cps)(1),0.0,0.0,0.0,De=USLum Ex=N/A Em=N/A Wdw=N/A (12),0.0,00:00:34.253,200.0,0.1,2000.0,,,water,water,water,water,H,18
372,1,1.0,"=""=""""""""""""""""",1.0,H19,-,US LUM 384 (cps)(1),0.0,0.0,0.0,De=USLum Ex=N/A Em=N/A Wdw=N/A (12),0.0,00:00:34.059,180.0,0.1,1800.0,,,a,0.0195312,UMP,UMP_standard,H,19
374,1,1.0,"=""=""""""""""""""""",1.0,H20,-,US LUM 384 (cps)(1),0.0,0.0,0.0,De=USLum Ex=N/A Em=N/A Wdw=N/A (12),0.0,00:00:33.865,144.0,0.1,1440.0,,,water,water,water,water,H,20
376,1,1.0,"=""=""""""""""""""""",1.0,H21,-,US LUM 384 (cps)(1),0.0,0.0,0.0,De=USLum Ex=N/A Em=N/A Wdw=N/A (12),0.0,00:00:33.672,156.0,0.1,1560.0,,,a,0.0097656,UMP,UMP_standard,H,21
378,1,1.0,"=""=""""""""""""""""",1.0,H22,-,US LUM 384 (cps)(1),0.0,0.0,0.0,De=USLum Ex=N/A Em=N/A Wdw=N/A (12),0.0,00:00:33.478,108.0,0.1,1080.0,,,water,water,water,water,H,22
380,1,1.0,"=""=""""""""""""""""",1.0,H23,-,US LUM 384 (cps)(1),0.0,0.0,0.0,De=USLum Ex=N/A Em=N/A Wdw=N/A (12),0.0,00:00:33.284,112.0,0.1,1120.0,,,a,0,UMP,UMP_standard,H,23
382,1,1.0,"=""=""""""""""""""""",1.0,H24,-,US LUM 384 (cps)(1),0.0,0.0,0.0,De=USLum Ex=N/A Em=N/A Wdw=N/A (12),0.0,00:00:33.091,96.0,0.1,960.0,,,water,water,water,water,H,24
384,1,1.0,"=""=""""""""""""""""",1.0,I01,-,US LUM 384 (cps)(1),0.0,0.0,0.0,De=USLum Ex=N/A Em=N/A Wdw=N/A (12),0.0,00:00:37.801,328.0,0.1,3280.0,,,water,water,water,UMP_water_proximal,I,01
386,1,1.0,"=""=""""""""""""""""",1.0,I02,-,US LUM 384 (cps)(1),0.0,0.0,0.0,De=USLum Ex=N/A Em=N/A Wdw=N/A (12),0.0,00:00:37.995,152.0,0.1,1520.0,,,water,water,water,water,I,02
388,1,1.0,"=""=""""""""""""""""",1.0,I03,-,US LUM 384 (cps)(1),0.0,0.0,0.0,De=USLum Ex=N/A Em=N/A Wdw=N/A (12),0.0,00:00:38.189,280.0,0.1,2800.0,,,water,water,water,UMP_water_proximal,I,03
390,1,1.0,"=""=""""""""""""""""",1.0,I04,-,US LUM 384 (cps)(1),0.0,0.0,0.0,De=USLum Ex=N/A Em=N/A Wdw=N/A (12),0.0,00:00:38.382,420.0,0.1,4200.0,,,water,water,water,water,I,04
392,1,1.0,"=""=""""""""""""""""",1.0,I05,-,US LUM 384 (cps)(1),0.0,0.0,0.0,De=USLum Ex=N/A Em=N/A Wdw=N/A (12),0.0,00:00:38.575,688.0,0.1,6880.0,,,water,water,water,UMP_water_proximal,I,05
394,1,1.0,"=""=""""""""""""""""",1.0,I06,-,US LUM 384 (cps)(1),0.0,0.0,0.0,De=USLum Ex=N/A Em=N/A Wdw=N/A (12),0.0,00:00:38.769,1064.0,0.1,10640.0,,,water,water,water,water,I,06
396,1,1.0,"=""=""""""""""""""""",1.0,I07,-,US LUM 384 (cps)(1),0.0,0.0,0.0,De=USLum Ex=N/A Em=N/A Wdw=N/A (12),0.0,00:00:38.964,1032.0,0.1,10320.0,,,water,water,water,UMP_water_proximal,I,07
398,1,1.0,"=""=""""""""""""""""",1.0,I08,-,US LUM 384 (cps)(1),0.0,0.0,0.0,De=USLum Ex=N/A Em=N/A Wdw=N/A (12),0.0,00:00:39.157,1108.0,0.1,11080.0,,,water,water,water,water,I,08
400,1,1.0,"=""=""""""""""""""""",1.0,I09,-,US LUM 384 (cps)(1),0.0,0.0,0.0,De=USLum Ex=N/A Em=N/A Wdw=N/A (12),0.0,00:00:39.351,888.0,0.1,8880.0,,,water,water,water,UMP_water_proximal,I,09
402,1,1.0,"=""=""""""""""""""""",1.0,I10,-,US LUM 384 (cps)(1),0.0,0.0,0.0,De=USLum Ex=N/A Em=N/A Wdw=N/A (12),0.0,00:00:39.544,744.0,0.1,7440.0,,,water,water,water,water,I,10
404,1,1.0,"=""=""""""""""""""""",1.0,I11,-,US LUM 384 (cps)(1),0.0,0.0,0.0,De=USLum Ex=N/A Em=N/A Wdw=N/A (12),0.0,00:00:39.737,632.0,0.1,6320.0,,,water,water,water,UMP_water_proximal,I,11
406,1,1.0,"=""=""""""""""""""""",1.0,I12,-,US LUM 384 (cps)(1),0.0,0.0,0.0,De=USLum Ex=N/A Em=N/A Wdw=N/A (12),0.0,00:00:39.931,540.0,0.1,5400.0,,,water,water,water,water,I,12
408,1,1.0,"=""=""""""""""""""""",1.0,I13,-,US LUM 384 (cps)(1),0.0,0.0,0.0,De=USLum Ex=N/A Em=N/A Wdw=N/A (12),0.0,00:00:40.125,408.0,0.1,4080.0,,,water,water,water,UMP_water_proximal,I,13
410,1,1.0,"=""=""""""""""""""""",1.0,I14,-,US LUM 384 (cps)(1),0.0,0.0,0.0,De=USLum Ex=N/A Em=N/A Wdw=N/A (12),0.0,00:00:40.319,288.0,0.1,2880.0,,,water,water,water,water,I,14
412,1,1.0,"=""=""""""""""""""""",1.0,I15,-,US LUM 384 (cps)(1),0.0,0.0,0.0,De=USLum Ex=N/A Em=N/A Wdw=N/A (12),0.0,00:00:40.512,240.0,0.1,2400.0,,,water,water,water,UMP_water_proximal,I,15
414,1,1.0,"=""=""""""""""""""""",1.0,I16,-,US LUM 384 (cps)(1),0.0,0.0,0.0,De=USLum Ex=N/A Em=N/A Wdw=N/A (12),0.0,00:00:40.705,200.0,0.1,2000.0,,,water,water,water,water,I,16
416,1,1.0,"=""=""""""""""""""""",1.0,I17,-,US LUM 384 (cps)(1),0.0,0.0,0.0,De=USLum Ex=N/A Em=N/A Wdw=N/A (12),0.0,00:00:40.899,168.0,0.1,1680.0,,,water,water,water,UMP_water_proximal,I,17
418,1,1.0,"=""=""""""""""""""""",1.0,I18,-,US LUM 384 (cps)(1),0.0,0.0,0.0,De=USLum Ex=N/A Em=N/A Wdw=N/A (12),0.0,00:00:41.093,160.0,0.1,1600.0,,,water,water,water,water,I,18
420,1,1.0,"=""=""""""""""""""""",1.0,I19,-,US LUM 384 (cps)(1),0.0,0.0,0.0,De=USLum Ex=N/A Em=N/A Wdw=N/A (12),0.0,00:00:41.286,120.0,0.1,1200.0,,,water,water,water,UMP_water_proximal,I,19
422,1,1.0,"=""=""""""""""""""""",1.0,I20,-,US LUM 384 (cps)(1),0.0,0.0,0.0,De=USLum Ex=N/A Em=N/A Wdw=N/A (12),0.0,00:00:41.480,104.0,0.1,1040.0,,,water,water,water,water,I,20
424,1,1.0,"=""=""""""""""""""""",1.0,I21,-,US LUM 384 (cps)(1),0.0,0.0,0.0,De=USLum Ex=N/A Em=N/A Wdw=N/A (12),0.0,00:00:41.674,92.0,0.1,920.0,,,water,water,water,UMP_water_proximal,I,21
426,1,1.0,"=""=""""""""""""""""",1.0,I22,-,US LUM 384 (cps)(1),0.0,0.0,0.0,De=USLum Ex=N/A Em=N/A Wdw=N/A (12),0.0,00:00:41.867,88.0,0.1,880.0,,,water,water,water,water,I,22
428,1,1.0,"=""=""""""""""""""""",1.0,I23,-,US LUM 384 (cps)(1),0.0,0.0,0.0,De=USLum Ex=N/A Em=N/A Wdw=N/A (12),0.0,00:00:42.060,64.0,0.1,640.0,,,water,water,water,UMP_water_proximal,I,23
430,1,1.0,"=""=""""""""""""""""",1.0,I24,-,US LUM 384 (cps)(1),0.0,0.0,0.0,De=USLum Ex=N/A Em=N/A Wdw=N/A (12),0.0,00:00:42.254,84.0,0.1,840.0,,,water,water,water,water,I,24
432,1,1.0,"=""=""""""""""""""""",1.0,J01,-,US LUM 384 (cps)(1),0.0,0.0,0.0,De=USLum Ex=N/A Em=N/A Wdw=N/A (12),0.0,00:00:46.966,6800.0,0.1,68000.0,,,b,10,UMP,UMP_standard,J,01
434,1,1.0,"=""=""""""""""""""""",1.0,J02,-,US LUM 384 (cps)(1),0.0,0.0,0.0,De=USLum Ex=N/A Em=N/A Wdw=N/A (12),0.0,00:00:46.772,244.0,0.1,2440.0,,,water,water,water,water,J,02
436,1,1.0,"=""=""""""""""""""""",1.0,J03,-,US LUM 384 (cps)(1),0.0,0.0,0.0,De=USLum Ex=N/A Em=N/A Wdw=N/A (12),0.0,00:00:46.578,3368.0,0.1,33680.0,,,b,5,UMP,UMP_standard,J,03
438,1,1.0,"=""=""""""""""""""""",1.0,J04,-,US LUM 384 (cps)(1),0.0,0.0,0.0,De=USLum Ex=N/A Em=N/A Wdw=N/A (12),0.0,00:00:46.384,488.0,0.1,4880.0,,,water,water,water,water,J,04
440,1,1.0,"=""=""""""""""""""""",1.0,J05,-,US LUM 384 (cps)(1),0.0,0.0,0.0,De=USLum Ex=N/A Em=N/A Wdw=N/A (12),0.0,00:00:46.190,2188.0,0.1,21880.0,,,b,2.5,UMP,UMP_standard,J,05
442,1,1.0,"=""=""""""""""""""""",1.0,J06,-,US LUM 384 (cps)(1),0.0,0.0,0.0,De=USLum Ex=N/A Em=N/A Wdw=N/A (12),0.0,00:00:45.996,644.0,0.1,6440.0,,,water,water,water,water,J,06
444,1,1.0,"=""=""""""""""""""""",1.0,J07,-,US LUM 384 (cps)(1),0.0,0.0,0.0,De=USLum Ex=N/A Em=N/A Wdw=N/A (12),0.0,00:00:45.803,1496.0,0.1,14960.0,,,b,1.25,UMP,UMP_standard,J,07
446,1,1.0,"=""=""""""""""""""""",1.0,J08,-,US LUM 384 (cps)(1),0.0,0.0,0.0,De=USLum Ex=N/A Em=N/A Wdw=N/A (12),0.0,00:00:45.610,712.0,0.1,7120.0,,,water,water,water,water,J,08
448,1,1.0,"=""=""""""""""""""""",1.0,J09,-,US LUM 384 (cps)(1),0.0,0.0,0.0,De=USLum Ex=N/A Em=N/A Wdw=N/A (12),0.0,00:00:45.417,1060.0,0.1,10600.0,,,b,0.6125,UMP,UMP_standard,J,09
450,1,1.0,"=""=""""""""""""""""",1.0,J10,-,US LUM 384 (cps)(1),0.0,0.0,0.0,De=USLum Ex=N/A Em=N/A Wdw=N/A (12),0.0,00:00:45.223,560.0,0.1,5600.0,,,water,water,water,water,J,10
452,1,1.0,"=""=""""""""""""""""",1.0,J11,-,US LUM 384 (cps)(1),0.0,0.0,0.0,De=USLum Ex=N/A Em=N/A Wdw=N/A (12),0.0,00:00:45.028,708.0,0.1,7080.0,,,b,0.3125,UMP,UMP_standard,J,11
454,1,1.0,"=""=""""""""""""""""",1.0,J12,-,US LUM 384 (cps)(1),0.0,0.0,0.0,De=USLum Ex=N/A Em=N/A Wdw=N/A (12),0.0,00:00:44.835,392.0,0.1,3920.0,,,water,water,water,water,J,12
456,1,1.0,"=""=""""""""""""""""",1.0,J13,-,US LUM 384 (cps)(1),0.0,0.0,0.0,De=USLum Ex=N/A Em=N/A Wdw=N/A (12),0.0,00:00:44.642,444.0,0.1,4440.0,,,b,0.15625,UMP,UMP_standard,J,13
458,1,1.0,"=""=""""""""""""""""",1.0,J14,-,US LUM 384 (cps)(1),0.0,0.0,0.0,De=USLum Ex=N/A Em=N/A Wdw=N/A (12),0.0,00:00:44.447,272.0,0.1,2720.0,,,water,water,water,water,J,14
460,1,1.0,"=""=""""""""""""""""",1.0,J15,-,US LUM 384 (cps)(1),0.0,0.0,0.0,De=USLum Ex=N/A Em=N/A Wdw=N/A (12),0.0,00:00:44.254,296.0,0.1,2960.0,,,b,0.078125,UMP,UMP_standard,J,15
462,1,1.0,"=""=""""""""""""""""",1.0,J16,-,US LUM 384 (cps)(1),0.0,0.0,0.0,De=USLum Ex=N/A Em=N/A Wdw=N/A (12),0.0,00:00:44.061,176.0,0.1,1760.0,,,water,water,water,water,J,16
464,1,1.0,"=""=""""""""""""""""",1.0,J17,-,US LUM 384 (cps)(1),0.0,0.0,0.0,De=USLum Ex=N/A Em=N/A Wdw=N/A (12),0.0,00:00:43.867,200.0,0.1,2000.0,,,b,0.0390625,UMP,UMP_standard,J,17
466,1,1.0,"=""=""""""""""""""""",1.0,J18,-,US LUM 384 (cps)(1),0.0,0.0,0.0,De=USLum Ex=N/A Em=N/A Wdw=N/A (12),0.0,00:00:43.674,132.0,0.1,1320.0,,,water,water,water,water,J,18
468,1,1.0,"=""=""""""""""""""""",1.0,J19,-,US LUM 384 (cps)(1),0.0,0.0,0.0,De=USLum Ex=N/A Em=N/A Wdw=N/A (12),0.0,00:00:43.480,164.0,0.1,1640.0,,,b,0.0195312,UMP,UMP_standard,J,19
470,1,1.0,"=""=""""""""""""""""",1.0,J20,-,US LUM 384 (cps)(1),0.0,0.0,0.0,De=USLum Ex=N/A Em=N/A Wdw=N/A (12),0.0,00:00:43.286,100.0,0.1,1000.0,,,water,water,water,water,J,20
472,1,1.0,"=""=""""""""""""""""",1.0,J21,-,US LUM 384 (cps)(1),0.0,0.0,0.0,De=USLum Ex=N/A Em=N/A Wdw=N/A (12),0.0,00:00:43.092,100.0,0.1,1000.0,,,b,0.0097656,UMP,UMP_standard,J,21
474,1,1.0,"=""=""""""""""""""""",1.0,J22,-,US LUM 384 (cps)(1),0.0,0.0,0.0,De=USLum Ex=N/A Em=N/A Wdw=N/A (12),0.0,00:00:42.899,68.0,0.1,680.0,,,water,water,water,water,J,22
476,1,1.0,"=""=""""""""""""""""",1.0,J23,-,US LUM 384 (cps)(1),0.0,0.0,0.0,De=USLum Ex=N/A Em=N/A Wdw=N/A (12),0.0,00:00:42.705,84.0,0.1,840.0,,,b,0,UMP,UMP_standard,J,23
478,1,1.0,"=""=""""""""""""""""",1.0,J24,-,US LUM 384 (cps)(1),0.0,0.0,0.0,De=USLum Ex=N/A Em=N/A Wdw=N/A (12),0.0,00:00:42.511,72.0,0.1,720.0,,,water,water,water,water,J,24
480,1,1.0,"=""=""""""""""""""""",1.0,K01,-,US LUM 384 (cps)(1),0.0,0.0,0.0,De=USLum Ex=N/A Em=N/A Wdw=N/A (12),0.0,00:00:47.222,276.0,0.1,2760.0,,,water,water,water,UMP_water_proximal,K,01
482,1,1.0,"=""=""""""""""""""""",1.0,K02,-,US LUM 384 (cps)(1),0.0,0.0,0.0,De=USLum Ex=N/A Em=N/A Wdw=N/A (12),0.0,00:00:47.416,100.0,0.1,1000.0,,,water,water,water,water,K,02
484,1,1.0,"=""=""""""""""""""""",1.0,K03,-,US LUM 384 (cps)(1),0.0,0.0,0.0,De=USLum Ex=N/A Em=N/A Wdw=N/A (12),0.0,00:00:47.610,200.0,0.1,2000.0,,,water,water,water,UMP_water_proximal,K,03
486,1,1.0,"=""=""""""""""""""""",1.0,K04,-,US LUM 384 (cps)(1),0.0,0.0,0.0,De=USLum Ex=N/A Em=N/A Wdw=N/A (12),0.0,00:00:47.804,188.0,0.1,1880.0,,,water,water,water,water,K,04
488,1,1.0,"=""=""""""""""""""""",1.0,K05,-,US LUM 384 (cps)(1),0.0,0.0,0.0,De=USLum Ex=N/A Em=N/A Wdw=N/A (12),0.0,00:00:47.998,328.0,0.1,3280.0,,,water,water,water,UMP_water_proximal,K,05
490,1,1.0,"=""=""""""""""""""""",1.0,K06,-,US LUM 384 (cps)(1),0.0,0.0,0.0,De=USLum Ex=N/A Em=N/A Wdw=N/A (12),0.0,00:00:48.192,396.0,0.1,3960.0,,,water,water,water,water,K,06
492,1,1.0,"=""=""""""""""""""""",1.0,K07,-,US LUM 384 (cps)(1),0.0,0.0,0.0,De=USLum Ex=N/A Em=N/A Wdw=N/A (12),0.0,00:00:48.385,364.0,0.1,3640.0,,,water,water,water,UMP_water_proximal,K,07
494,1,1.0,"=""=""""""""""""""""",1.0,K08,-,US LUM 384 (cps)(1),0.0,0.0,0.0,De=USLum Ex=N/A Em=N/A Wdw=N/A (12),0.0,00:00:48.579,428.0,0.1,4280.0,,,water,water,water,water,K,08
496,1,1.0,"=""=""""""""""""""""",1.0,K09,-,US LUM 384 (cps)(1),0.0,0.0,0.0,De=USLum Ex=N/A Em=N/A Wdw=N/A (12),0.0,00:00:48.774,464.0,0.1,4640.0,,,water,water,water,UMP_water_proximal,K,09
498,1,1.0,"=""=""""""""""""""""",1.0,K10,-,US LUM 384 (cps)(1),0.0,0.0,0.0,De=USLum Ex=N/A Em=N/A Wdw=N/A (12),0.0,00:00:48.968,400.0,0.1,4000.0,,,water,water,water,water,K,10
500,1,1.0,"=""=""""""""""""""""",1.0,K11,-,US LUM 384 (cps)(1),0.0,0.0,0.0,De=USLum Ex=N/A Em=N/A Wdw=N/A (12),0.0,00:00:49.161,328.0,0.1,3280.0,,,water,water,water,UMP_water_proximal,K,11
502,1,1.0,"=""=""""""""""""""""",1.0,K12,-,US LUM 384 (cps)(1),0.0,0.0,0.0,De=USLum Ex=N/A Em=N/A Wdw=N/A (12),0.0,00:00:49.355,328.0,0.1,3280.0,,,water,water,water,water,K,12
504,1,1.0,"=""=""""""""""""""""",1.0,K13,-,US LUM 384 (cps)(1),0.0,0.0,0.0,De=USLum Ex=N/A Em=N/A Wdw=N/A (12),0.0,00:00:49.549,296.0,0.1,2960.0,,,water,water,water,UMP_water_proximal,K,13
506,1,1.0,"=""=""""""""""""""""",1.0,K14,-,US LUM 384 (cps)(1),0.0,0.0,0.0,De=USLum Ex=N/A Em=N/A Wdw=N/A (12),0.0,00:00:49.743,244.0,0.1,2440.0,,,water,water,water,water,K,14
508,1,1.0,"=""=""""""""""""""""",1.0,K15,-,US LUM 384 (cps)(1),0.0,0.0,0.0,De=USLum Ex=N/A Em=N/A Wdw=N/A (12),0.0,00:00:49.937,188.0,0.1,1880.0,,,water,water,water,UMP_water_proximal,K,15
510,1,1.0,"=""=""""""""""""""""",1.0,K16,-,US LUM 384 (cps)(1),0.0,0.0,0.0,De=USLum Ex=N/A Em=N/A Wdw=N/A (12),0.0,00:00:50.131,160.0,0.1,1600.0,,,water,water,water,water,K,16
512,1,1.0,"=""=""""""""""""""""",1.0,K17,-,US LUM 384 (cps)(1),0.0,0.0,0.0,De=USLum Ex=N/A Em=N/A Wdw=N/A (12),0.0,00:00:50.325,136.0,0.1,1360.0,,,water,water,water,UMP_water_proximal,K,17
514,1,1.0,"=""=""""""""""""""""",1.0,K18,-,US LUM 384 (cps)(1),0.0,0.0,0.0,De=USLum Ex=N/A Em=N/A Wdw=N/A (12),0.0,00:00:50.519,116.0,0.1,1160.0,,,water,water,water,water,K,18
516,1,1.0,"=""=""""""""""""""""",1.0,K19,-,US LUM 384 (cps)(1),0.0,0.0,0.0,De=USLum Ex=N/A Em=N/A Wdw=N/A (12),0.0,00:00:50.712,92.0,0.1,920.0,,,water,water,water,UMP_water_proximal,K,19
518,1,1.0,"=""=""""""""""""""""",1.0,K20,-,US LUM 384 (cps)(1),0.0,0.0,0.0,De=USLum Ex=N/A Em=N/A Wdw=N/A (12),0.0,00:00:50.906,92.0,0.1,920.0,,,water,water,water,water,K,20
520,1,1.0,"=""=""""""""""""""""",1.0,K21,-,US LUM 384 (cps)(1),0.0,0.0,0.0,De=USLum Ex=N/A Em=N/A Wdw=N/A (12),0.0,00:00:51.100,88.0,0.1,880.0,,,water,water,water,UMP_water_proximal,K,21
522,1,1.0,"=""=""""""""""""""""",1.0,K22,-,US LUM 384 (cps)(1),0.0,0.0,0.0,De=USLum Ex=N/A Em=N/A Wdw=N/A (12),0.0,00:00:51.294,80.0,0.1,800.0,,,water,water,water,water,K,22
524,1,1.0,"=""=""""""""""""""""",1.0,K23,-,US LUM 384 (cps)(1),0.0,0.0,0.0,De=USLum Ex=N/A Em=N/A Wdw=N/A (12),0.0,00:00:51.487,76.0,0.1,760.0,,,water,water,water,UMP_water_proximal,K,23
526,1,1.0,"=""=""""""""""""""""",1.0,K24,-,US LUM 384 (cps)(1),0.0,0.0,0.0,De=USLum Ex=N/A Em=N/A Wdw=N/A (12),0.0,00:00:51.680,72.0,0.1,720.0,,,water,water,water,water,K,24
528,1,1.0,"=""=""""""""""""""""",1.0,L01,-,US LUM 384 (cps)(1),0.0,0.0,0.0,De=USLum Ex=N/A Em=N/A Wdw=N/A (12),0.0,00:00:56.391,6476.0,0.1,64760.0,,,c,10,UMP,UMP_standard,L,01
530,1,1.0,"=""=""""""""""""""""",1.0,L02,-,US LUM 384 (cps)(1),0.0,0.0,0.0,De=USLum Ex=N/A Em=N/A Wdw=N/A (12),0.0,00:00:56.198,276.0,0.1,2760.0,,,water,water,water,water,L,02
532,1,1.0,"=""=""""""""""""""""",1.0,L03,-,US LUM 384 (cps)(1),0.0,0.0,0.0,De=USLum Ex=N/A Em=N/A Wdw=N/A (12),0.0,00:00:56.004,3300.0,0.1,33000.0,,,c,5,UMP,UMP_standard,L,03
534,1,1.0,"=""=""""""""""""""""",1.0,L04,-,US LUM 384 (cps)(1),0.0,0.0,0.0,De=USLum Ex=N/A Em=N/A Wdw=N/A (12),0.0,00:00:55.809,364.0,0.1,3640.0,,,water,water,water,water,L,04
536,1,1.0,"=""=""""""""""""""""",1.0,L05,-,US LUM 384 (cps)(1),0.0,0.0,0.0,De=USLum Ex=N/A Em=N/A Wdw=N/A (12),0.0,00:00:55.616,1972.0,0.1,19720.0,,,c,2.5,UMP,UMP_standard,L,05
538,1,1.0,"=""=""""""""""""""""",1.0,L06,-,US LUM 384 (cps)(1),0.0,0.0,0.0,De=USLum Ex=N/A Em=N/A Wdw=N/A (12),0.0,00:00:55.422,432.0,0.1,4320.0,,,water,water,water,water,L,06
540,1,1.0,"=""=""""""""""""""""",1.0,L07,-,US LUM 384 (cps)(1),0.0,0.0,0.0,De=USLum Ex=N/A Em=N/A Wdw=N/A (12),0.0,00:00:55.229,1324.0,0.1,13240.0,,,c,1.25,UMP,UMP_standard,L,07
542,1,1.0,"=""=""""""""""""""""",1.0,L08,-,US LUM 384 (cps)(1),0.0,0.0,0.0,De=USLum Ex=N/A Em=N/A Wdw=N/A (12),0.0,00:00:55.036,352.0,0.1,3520.0,,,water,water,water,water,L,08
544,1,1.0,"=""=""""""""""""""""",1.0,L09,-,US LUM 384 (cps)(1),0.0,0.0,0.0,De=USLum Ex=N/A Em=N/A Wdw=N/A (12),0.0,00:00:54.842,812.0,0.1,8120.0,,,c,0.6125,UMP,UMP_standard,L,09
546,1,1.0,"=""=""""""""""""""""",1.0,L10,-,US LUM 384 (cps)(1),0.0,0.0,0.0,De=USLum Ex=N/A Em=N/A Wdw=N/A (12),0.0,00:00:54.648,344.0,0.1,3440.0,,,water,water,water,water,L,10
548,1,1.0,"=""=""""""""""""""""",1.0,L11,-,US LUM 384 (cps)(1),0.0,0.0,0.0,De=USLum Ex=N/A Em=N/A Wdw=N/A (12),0.0,00:00:54.454,548.0,0.1,5480.0,,,c,0.3125,UMP,UMP_standard,L,11
550,1,1.0,"=""=""""""""""""""""",1.0,L12,-,US LUM 384 (cps)(1),0.0,0.0,0.0,De=USLum Ex=N/A Em=N/A Wdw=N/A (12),0.0,00:00:54.260,284.0,0.1,2840.0,,,water,water,water,water,L,12
552,1,1.0,"=""=""""""""""""""""",1.0,L13,-,US LUM 384 (cps)(1),0.0,0.0,0.0,De=USLum Ex=N/A Em=N/A Wdw=N/A (12),0.0,00:00:54.066,336.0,0.1,3360.0,,,c,0.15625,UMP,UMP_standard,L,13
554,1,1.0,"=""=""""""""""""""""",1.0,L14,-,US LUM 384 (cps)(1),0.0,0.0,0.0,De=USLum Ex=N/A Em=N/A Wdw=N/A (12),0.0,00:00:53.873,212.0,0.1,2120.0,,,water,water,water,water,L,14
556,1,1.0,"=""=""""""""""""""""",1.0,L15,-,US LUM 384 (cps)(1),0.0,0.0,0.0,De=USLum Ex=N/A Em=N/A Wdw=N/A (12),0.0,00:00:53.679,276.0,0.1,2760.0,,,c,0.078125,UMP,UMP_standard,L,15
558,1,1.0,"=""=""""""""""""""""",1.0,L16,-,US LUM 384 (cps)(1),0.0,0.0,0.0,De=USLum Ex=N/A Em=N/A Wdw=N/A (12),0.0,00:00:53.486,156.0,0.1,1560.0,,,water,water,water,water,L,16
560,1,1.0,"=""=""""""""""""""""",1.0,L17,-,US LUM 384 (cps)(1),0.0,0.0,0.0,De=USLum Ex=N/A Em=N/A Wdw=N/A (12),0.0,00:00:53.293,172.0,0.1,1720.0,,,c,0.0390625,UMP,UMP_standard,L,17
562,1,1.0,"=""=""""""""""""""""",1.0,L18,-,US LUM 384 (cps)(1),0.0,0.0,0.0,De=USLum Ex=N/A Em=N/A Wdw=N/A (12),0.0,00:00:53.099,128.0,0.1,1280.0,,,water,water,water,water,L,18
564,1,1.0,"=""=""""""""""""""""",1.0,L19,-,US LUM 384 (cps)(1),0.0,0.0,0.0,De=USLum Ex=N/A Em=N/A Wdw=N/A (12),0.0,00:00:52.905,144.0,0.1,1440.0,,,c,0.0195312,UMP,UMP_standard,L,19
566,1,1.0,"=""=""""""""""""""""",1.0,L20,-,US LUM 384 (cps)(1),0.0,0.0,0.0,De=USLum Ex=N/A Em=N/A Wdw=N/A (12),0.0,00:00:52.712,96.0,0.1,960.0,,,water,water,water,water,L,20
568,1,1.0,"=""=""""""""""""""""",1.0,L21,-,US LUM 384 (cps)(1),0.0,0.0,0.0,De=USLum Ex=N/A Em=N/A Wdw=N/A (12),0.0,00:00:52.518,112.0,0.1,1120.0,,,c,0.0097656,UMP,UMP_standard,L,21
570,1,1.0,"=""=""""""""""""""""",1.0,L22,-,US LUM 384 (cps)(1),0.0,0.0,0.0,De=USLum Ex=N/A Em=N/A Wdw=N/A (12),0.0,00:00:52.324,72.0,0.1,720.0,,,water,water,water,water,L,22
572,1,1.0,"=""=""""""""""""""""",1.0,L23,-,US LUM 384 (cps)(1),0.0,0.0,0.0,De=USLum Ex=N/A Em=N/A Wdw=N/A (12),0.0,00:00:52.130,96.0,0.1,960.0,,,c,0,UMP,UMP_standard,L,23
574,1,1.0,"=""=""""""""""""""""",1.0,L24,-,US LUM 384 (cps)(1),0.0,0.0,0.0,De=USLum Ex=N/A Em=N/A Wdw=N/A (12),0.0,00:00:51.936,76.0,0.1,760.0,,,water,water,water,water,L,24
576,1,1.0,"=""=""""""""""""""""",1.0,M01,-,US LUM 384 (cps)(1),0.0,0.0,0.0,De=USLum Ex=N/A Em=N/A Wdw=N/A (12),0.0,00:00:56.650,192.0,0.1,1920.0,,,water,water,water,UMP_water_proximal,M,01
578,1,1.0,"=""=""""""""""""""""",1.0,M02,-,US LUM 384 (cps)(1),0.0,0.0,0.0,De=USLum Ex=N/A Em=N/A Wdw=N/A (12),0.0,00:00:56.843,96.0,0.1,960.0,,,water,water,water,water,M,02
580,1,1.0,"=""=""""""""""""""""",1.0,M03,-,US LUM 384 (cps)(1),0.0,0.0,0.0,De=USLum Ex=N/A Em=N/A Wdw=N/A (12),0.0,00:00:57.036,164.0,0.1,1640.0,,,water,water,water,UMP_water_proximal,M,03
582,1,1.0,"=""=""""""""""""""""",1.0,M04,-,US LUM 384 (cps)(1),0.0,0.0,0.0,De=USLum Ex=N/A Em=N/A Wdw=N/A (12),0.0,00:00:57.230,116.0,0.1,1160.0,,,water,water,water,water,M,04
584,1,1.0,"=""=""""""""""""""""",1.0,M05,-,US LUM 384 (cps)(1),0.0,0.0,0.0,De=USLum Ex=N/A Em=N/A Wdw=N/A (12),0.0,00:00:57.424,232.0,0.1,2320.0,,,water,water,water,UMP_water_proximal,M,05
586,1,1.0,"=""=""""""""""""""""",1.0,M06,-,US LUM 384 (cps)(1),0.0,0.0,0.0,De=USLum Ex=N/A Em=N/A Wdw=N/A (12),0.0,00:00:57.617,260.0,0.1,2600.0,,,water,water,water,water,M,06
588,1,1.0,"=""=""""""""""""""""",1.0,M07,-,US LUM 384 (cps)(1),0.0,0.0,0.0,De=USLum Ex=N/A Em=N/A Wdw=N/A (12),0.0,00:00:57.811,292.0,0.1,2920.0,,,water,water,water,UMP_water_proximal,M,07
590,1,1.0,"=""=""""""""""""""""",1.0,M08,-,US LUM 384 (cps)(1),0.0,0.0,0.0,De=USLum Ex=N/A Em=N/A Wdw=N/A (12),0.0,00:00:58.005,308.0,0.1,3080.0,,,water,water,water,water,M,08
592,1,1.0,"=""=""""""""""""""""",1.0,M09,-,US LUM 384 (cps)(1),0.0,0.0,0.0,De=USLum Ex=N/A Em=N/A Wdw=N/A (12),0.0,00:00:58.199,304.0,0.1,3040.0,,,water,water,water,UMP_water_proximal,M,09
594,1,1.0,"=""=""""""""""""""""",1.0,M10,-,US LUM 384 (cps)(1),0.0,0.0,0.0,De=USLum Ex=N/A Em=N/A Wdw=N/A (12),0.0,00:00:58.393,308.0,0.1,3080.0,,,water,water,water,water,M,10
596,1,1.0,"=""=""""""""""""""""",1.0,M11,-,US LUM 384 (cps)(1),0.0,0.0,0.0,De=USLum Ex=N/A Em=N/A Wdw=N/A (12),0.0,00:00:58.586,280.0,0.1,2800.0,,,water,water,water,UMP_water_proximal,M,11
598,1,1.0,"=""=""""""""""""""""",1.0,M12,-,US LUM 384 (cps)(1),0.0,0.0,0.0,De=USLum Ex=N/A Em=N/A Wdw=N/A (12),0.0,00:00:58.779,248.0,0.1,2480.0,,,water,water,water,water,M,12
600,1,1.0,"=""=""""""""""""""""",1.0,M13,-,US LUM 384 (cps)(1),0.0,0.0,0.0,De=USLum Ex=N/A Em=N/A Wdw=N/A (12),0.0,00:00:58.974,248.0,0.1,2480.0,,,water,water,water,UMP_water_proximal,M,13
602,1,1.0,"=""=""""""""""""""""",1.0,M14,-,US LUM 384 (cps)(1),0.0,0.0,0.0,De=USLum Ex=N/A Em=N/A Wdw=N/A (12),0.0,00:00:59.167,200.0,0.1,2000.0,,,water,water,water,water,M,14
604,1,1.0,"=""=""""""""""""""""",1.0,M15,-,US LUM 384 (cps)(1),0.0,0.0,0.0,De=USLum Ex=N/A Em=N/A Wdw=N/A (12),0.0,00:00:59.361,180.0,0.1,1800.0,,,water,water,water,UMP_water_proximal,M,15
606,1,1.0,"=""=""""""""""""""""",1.0,M16,-,US LUM 384 (cps)(1),0.0,0.0,0.0,De=USLum Ex=N/A Em=N/A Wdw=N/A (12),0.0,00:00:59.555,140.0,0.1,1400.0,,,water,water,water,water,M,16
608,1,1.0,"=""=""""""""""""""""",1.0,M17,-,US LUM 384 (cps)(1),0.0,0.0,0.0,De=USLum Ex=N/A Em=N/A Wdw=N/A (12),0.0,00:00:59.749,172.0,0.1,1720.0,,,water,water,water,UMP_water_proximal,M,17
610,1,1.0,"=""=""""""""""""""""",1.0,M18,-,US LUM 384 (cps)(1),0.0,0.0,0.0,De=USLum Ex=N/A Em=N/A Wdw=N/A (12),0.0,00:00:59.943,140.0,0.1,1400.0,,,water,water,water,water,M,18
612,1,1.0,"=""=""""""""""""""""",1.0,M19,-,US LUM 384 (cps)(1),0.0,0.0,0.0,De=USLum Ex=N/A Em=N/A Wdw=N/A (12),0.0,00:01:00.136,184.0,0.1,1840.0,,,water,water,water,UMP_water_proximal,M,19
614,1,1.0,"=""=""""""""""""""""",1.0,M20,-,US LUM 384 (cps)(1),0.0,0.0,0.0,De=USLum Ex=N/A Em=N/A Wdw=N/A (12),0.0,00:01:00.330,128.0,0.1,1280.0,,,water,water,water,water,M,20
616,1,1.0,"=""=""""""""""""""""",1.0,M21,-,US LUM 384 (cps)(1),0.0,0.0,0.0,De=USLum Ex=N/A Em=N/A Wdw=N/A (12),0.0,00:01:00.524,132.0,0.1,1320.0,,,water,water,water,UMP_water_proximal,M,21
618,1,1.0,"=""=""""""""""""""""",1.0,M22,-,US LUM 384 (cps)(1),0.0,0.0,0.0,De=USLum Ex=N/A Em=N/A Wdw=N/A (12),0.0,00:01:00.718,104.0,0.1,1040.0,,,water,water,water,water,M,22
620,1,1.0,"=""=""""""""""""""""",1.0,M23,-,US LUM 384 (cps)(1),0.0,0.0,0.0,De=USLum Ex=N/A Em=N/A Wdw=N/A (12),0.0,00:01:00.912,124.0,0.1,1240.0,,,water,water,water,UMP_water_proximal,M,23
622,1,1.0,"=""=""""""""""""""""",1.0,M24,-,US LUM 384 (cps)(1),0.0,0.0,0.0,De=USLum Ex=N/A Em=N/A Wdw=N/A (12),0.0,00:01:01.105,108.0,0.1,1080.0,,,water,water,water,water,M,24
624,1,1.0,"=""=""""""""""""""""",1.0,N01,-,US LUM 384 (cps)(1),0.0,0.0,0.0,De=USLum Ex=N/A Em=N/A Wdw=N/A (12),0.0,00:01:05.816,1940.0,0.1,19400.0,,,a,0,AMP,AMP_0_distal,N,01
626,1,1.0,"=""=""""""""""""""""",1.0,N02,-,US LUM 384 (cps)(1),0.0,0.0,0.0,De=USLum Ex=N/A Em=N/A Wdw=N/A (12),0.0,00:01:05.622,180.0,0.1,1800.0,,,water,water,water,water,N,02
628,1,1.0,"=""=""""""""""""""""",1.0,N03,-,US LUM 384 (cps)(1),0.0,0.0,0.0,De=USLum Ex=N/A Em=N/A Wdw=N/A (12),0.0,00:01:05.428,1568.0,0.1,15680.0,,,a,0,AMP,AMP_0_distal,N,03
630,1,1.0,"=""=""""""""""""""""",1.0,N04,-,US LUM 384 (cps)(1),0.0,0.0,0.0,De=USLum Ex=N/A Em=N/A Wdw=N/A (12),0.0,00:01:05.234,296.0,0.1,2960.0,,,water,water,water,water,N,04
632,1,1.0,"=""=""""""""""""""""",1.0,N05,-,US LUM 384 (cps)(1),0.0,0.0,0.0,De=USLum Ex=N/A Em=N/A Wdw=N/A (12),0.0,00:01:05.041,1728.0,0.1,17280.0,,,a,0,AMP,AMP_0_distal,N,05
634,1,1.0,"=""=""""""""""""""""",1.0,N06,-,US LUM 384 (cps)(1),0.0,0.0,0.0,De=USLum Ex=N/A Em=N/A Wdw=N/A (12),0.0,00:01:04.847,372.0,0.1,3720.0,,,water,water,water,water,N,06
636,1,1.0,"=""=""""""""""""""""",1.0,N07,-,US LUM 384 (cps)(1),0.0,0.0,0.0,De=USLum Ex=N/A Em=N/A Wdw=N/A (12),0.0,00:01:04.654,1844.0,0.1,18440.0,,,a,0,AMP,AMP_0_distal,N,07
638,1,1.0,"=""=""""""""""""""""",1.0,N08,-,US LUM 384 (cps)(1),0.0,0.0,0.0,De=USLum Ex=N/A Em=N/A Wdw=N/A (12),0.0,00:01:04.462,368.0,0.1,3680.0,,,water,water,water,water,N,08
640,1,1.0,"=""=""""""""""""""""",1.0,N09,-,US LUM 384 (cps)(1),0.0,0.0,0.0,De=USLum Ex=N/A Em=N/A Wdw=N/A (12),0.0,00:01:04.268,1688.0,0.1,16880.0,,,a,0,AMP,AMP_0_distal,N,09
642,1,1.0,"=""=""""""""""""""""",1.0,N10,-,US LUM 384 (cps)(1),0.0,0.0,0.0,De=USLum Ex=N/A Em=N/A Wdw=N/A (12),0.0,00:01:04.075,380.0,0.1,3800.0,,,water,water,water,water,N,10
644,1,1.0,"=""=""""""""""""""""",1.0,N11,-,US LUM 384 (cps)(1),0.0,0.0,0.0,De=USLum Ex=N/A Em=N/A Wdw=N/A (12),0.0,00:01:03.883,1756.0,0.1,17560.0,,,a,0,AMP,AMP_0_distal,N,11
646,1,1.0,"=""=""""""""""""""""",1.0,N12,-,US LUM 384 (cps)(1),0.0,0.0,0.0,De=USLum Ex=N/A Em=N/A Wdw=N/A (12),0.0,00:01:03.688,384.0,0.1,3840.0,,,water,water,water,water,N,12
648,1,1.0,"=""=""""""""""""""""",1.0,N13,-,US LUM 384 (cps)(1),0.0,0.0,0.0,De=USLum Ex=N/A Em=N/A Wdw=N/A (12),0.0,00:01:03.495,1820.0,0.1,18200.0,,,a,0,AMP,AMP_0_distal,N,13
650,1,1.0,"=""=""""""""""""""""",1.0,N14,-,US LUM 384 (cps)(1),0.0,0.0,0.0,De=USLum Ex=N/A Em=N/A Wdw=N/A (12),0.0,00:01:03.302,336.0,0.1,3360.0,,,water,water,water,water,N,14
652,1,1.0,"=""=""""""""""""""""",1.0,N15,-,US LUM 384 (cps)(1),0.0,0.0,0.0,De=USLum Ex=N/A Em=N/A Wdw=N/A (12),0.0,00:01:03.108,1632.0,0.1,16320.0,,,a,0,AMP,AMP_0_distal,N,15
654,1,1.0,"=""=""""""""""""""""",1.0,N16,-,US LUM 384 (cps)(1),0.0,0.0,0.0,De=USLum Ex=N/A Em=N/A Wdw=N/A (12),0.0,00:01:02.914,336.0,0.1,3360.0,,,water,water,water,water,N,16
656,1,1.0,"=""=""""""""""""""""",1.0,N17,-,US LUM 384 (cps)(1),0.0,0.0,0.0,De=USLum Ex=N/A Em=N/A Wdw=N/A (12),0.0,00:01:02.720,1612.0,0.1,16120.0,,,a,0,AMP,AMP_0_distal,N,17
658,1,1.0,"=""=""""""""""""""""",1.0,N18,-,US LUM 384 (cps)(1),0.0,0.0,0.0,De=USLum Ex=N/A Em=N/A Wdw=N/A (12),0.0,00:01:02.526,380.0,0.1,3800.0,,,water,water,water,water,N,18
660,1,1.0,"=""=""""""""""""""""",1.0,N19,-,US LUM 384 (cps)(1),0.0,0.0,0.0,De=USLum Ex=N/A Em=N/A Wdw=N/A (12),0.0,00:01:02.332,2876.0,0.1,28760.0,,,a,0,AMP,AMP_0_distal,N,19
662,1,1.0,"=""=""""""""""""""""",1.0,N20,-,US LUM 384 (cps)(1),0.0,0.0,0.0,De=USLum Ex=N/A Em=N/A Wdw=N/A (12),0.0,00:01:02.139,264.0,0.1,2640.0,,,water,water,water,water,N,20
664,1,1.0,"=""=""""""""""""""""",1.0,N21,-,US LUM 384 (cps)(1),0.0,0.0,0.0,De=USLum Ex=N/A Em=N/A Wdw=N/A (12),0.0,00:01:01.946,1664.0,0.1,16640.0,,,a,0,AMP,AMP_0_distal,N,21
666,1,1.0,"=""=""""""""""""""""",1.0,N22,-,US LUM 384 (cps)(1),0.0,0.0,0.0,De=USLum Ex=N/A Em=N/A Wdw=N/A (12),0.0,00:01:01.752,312.0,0.1,3120.0,,,water,water,water,water,N,22
668,1,1.0,"=""=""""""""""""""""",1.0,N23,-,US LUM 384 (cps)(1),0.0,0.0,0.0,De=USLum Ex=N/A Em=N/A Wdw=N/A (12),0.0,00:01:01.558,1712.0,0.1,17120.0,,,a,0,AMP,AMP_0_distal,N,23
670,1,1.0,"=""=""""""""""""""""",1.0,N24,-,US LUM 384 (cps)(1),0.0,0.0,0.0,De=USLum Ex=N/A Em=N/A Wdw=N/A (12),0.0,00:01:01.365,136.0,0.1,1360.0,,,water,water,water,water,N,24
672,1,1.0,"=""=""""""""""""""""",1.0,O01,-,US LUM 384 (cps)(1),0.0,0.0,0.0,De=USLum Ex=N/A Em=N/A Wdw=N/A (12),0.0,00:01:06.075,1560.0,0.1,15600.0,,,b,0,AMP,AMP_0_distal,O,01
674,1,1.0,"=""=""""""""""""""""",1.0,O02,-,US LUM 384 (cps)(1),0.0,0.0,0.0,De=USLum Ex=N/A Em=N/A Wdw=N/A (12),0.0,00:01:06.270,188.0,0.1,1880.0,,,water,water,water,water,O,02
676,1,1.0,"=""=""""""""""""""""",1.0,O03,-,US LUM 384 (cps)(1),0.0,0.0,0.0,De=USLum Ex=N/A Em=N/A Wdw=N/A (12),0.0,00:01:06.463,1668.0,0.1,16680.0,,,b,0,AMP,AMP_0_distal,O,03
678,1,1.0,"=""=""""""""""""""""",1.0,O04,-,US LUM 384 (cps)(1),0.0,0.0,0.0,De=USLum Ex=N/A Em=N/A Wdw=N/A (12),0.0,00:01:06.658,256.0,0.1,2560.0,,,water,water,water,water,O,04
680,1,1.0,"=""=""""""""""""""""",1.0,O05,-,US LUM 384 (cps)(1),0.0,0.0,0.0,De=USLum Ex=N/A Em=N/A Wdw=N/A (12),0.0,00:01:06.851,1756.0,0.1,17560.0,,,b,0,AMP,AMP_0_distal,O,05
682,1,1.0,"=""=""""""""""""""""",1.0,O06,-,US LUM 384 (cps)(1),0.0,0.0,0.0,De=USLum Ex=N/A Em=N/A Wdw=N/A (12),0.0,00:01:07.044,368.0,0.1,3680.0,,,water,water,water,water,O,06
684,1,1.0,"=""=""""""""""""""""",1.0,O07,-,US LUM 384 (cps)(1),0.0,0.0,0.0,De=USLum Ex=N/A Em=N/A Wdw=N/A (12),0.0,00:01:07.238,1664.0,0.1,16640.0,,,b,0,AMP,AMP_0_distal,O,07
686,1,1.0,"=""=""""""""""""""""",1.0,O08,-,US LUM 384 (cps)(1),0.0,0.0,0.0,De=USLum Ex=N/A Em=N/A Wdw=N/A (12),0.0,00:01:07.432,368.0,0.1,3680.0,,,water,water,water,water,O,08
688,1,1.0,"=""=""""""""""""""""",1.0,O09,-,US LUM 384 (cps)(1),0.0,0.0,0.0,De=USLum Ex=N/A Em=N/A Wdw=N/A (12),0.0,00:01:07.626,1760.0,0.1,17600.0,,,b,0,AMP,AMP_0_distal,O,09
690,1,1.0,"=""=""""""""""""""""",1.0,O10,-,US LUM 384 (cps)(1),0.0,0.0,0.0,De=USLum Ex=N/A Em=N/A Wdw=N/A (12),0.0,00:01:07.820,412.0,0.1,4120.0,,,water,water,water,water,O,10
692,1,1.0,"=""=""""""""""""""""",1.0,O11,-,US LUM 384 (cps)(1),0.0,0.0,0.0,De=USLum Ex=N/A Em=N/A Wdw=N/A (12),0.0,00:01:08.014,2156.0,0.1,21560.0,,,b,0,AMP,AMP_0_distal,O,11
694,1,1.0,"=""=""""""""""""""""",1.0,O12,-,US LUM 384 (cps)(1),0.0,0.0,0.0,De=USLum Ex=N/A Em=N/A Wdw=N/A (12),0.0,00:01:08.208,376.0,0.1,3760.0,,,water,water,water,water,O,12
696,1,1.0,"=""=""""""""""""""""",1.0,O13,-,US LUM 384 (cps)(1),0.0,0.0,0.0,De=USLum Ex=N/A Em=N/A Wdw=N/A (12),0.0,00:01:08.402,1672.0,0.1,16720.0,,,b,0,AMP,AMP_0_distal,O,13
698,1,1.0,"=""=""""""""""""""""",1.0,O14,-,US LUM 384 (cps)(1),0.0,0.0,0.0,De=USLum Ex=N/A Em=N/A Wdw=N/A (12),0.0,00:01:08.596,344.0,0.1,3440.0,,,water,water,water,water,O,14
700,1,1.0,"=""=""""""""""""""""",1.0,O15,-,US LUM 384 (cps)(1),0.0,0.0,0.0,De=USLum Ex=N/A Em=N/A Wdw=N/A (12),0.0,00:01:08.790,1472.0,0.1,14720.0,,,b,0,AMP,AMP_0_distal,O,15
702,1,1.0,"=""=""""""""""""""""",1.0,O16,-,US LUM 384 (cps)(1),0.0,0.0,0.0,De=USLum Ex=N/A Em=N/A Wdw=N/A (12),0.0,00:01:08.983,312.0,0.1,3120.0,,,water,water,water,water,O,16
704,1,1.0,"=""=""""""""""""""""",1.0,O17,-,US LUM 384 (cps)(1),0.0,0.0,0.0,De=USLum Ex=N/A Em=N/A Wdw=N/A (12),0.0,00:01:09.176,1856.0,0.1,18560.0,,,b,0,AMP,AMP_0_distal,O,17
706,1,1.0,"=""=""""""""""""""""",1.0,O18,-,US LUM 384 (cps)(1),0.0,0.0,0.0,De=USLum Ex=N/A Em=N/A Wdw=N/A (12),0.0,00:01:09.369,320.0,0.1,3200.0,,,water,water,water,water,O,18
708,1,1.0,"=""=""""""""""""""""",1.0,O19,-,US LUM 384 (cps)(1),0.0,0.0,0.0,De=USLum Ex=N/A Em=N/A Wdw=N/A (12),0.0,00:01:09.563,1660.0,0.1,16600.0,,,b,0,AMP,AMP_0_distal,O,19
710,1,1.0,"=""=""""""""""""""""",1.0,O20,-,US LUM 384 (cps)(1),0.0,0.0,0.0,De=USLum Ex=N/A Em=N/A Wdw=N/A (12),0.0,00:01:09.757,296.0,0.1,2960.0,,,water,water,water,water,O,20
712,1,1.0,"=""=""""""""""""""""",1.0,O21,-,US LUM 384 (cps)(1),0.0,0.0,0.0,De=USLum Ex=N/A Em=N/A Wdw=N/A (12),0.0,00:01:09.950,1940.0,0.1,19400.0,,,b,0,AMP,AMP_0_distal,O,21
714,1,1.0,"=""=""""""""""""""""",1.0,O22,-,US LUM 384 (cps)(1),0.0,0.0,0.0,De=USLum Ex=N/A Em=N/A Wdw=N/A (12),0.0,00:01:10.144,300.0,0.1,3000.0,,,water,water,water,water,O,22
716,1,1.0,"=""=""""""""""""""""",1.0,O23,-,US LUM 384 (cps)(1),0.0,0.0,0.0,De=USLum Ex=N/A Em=N/A Wdw=N/A (12),0.0,00:01:10.337,1700.0,0.1,17000.0,,,b,0,AMP,AMP_0_distal,O,23
718,1,1.0,"=""=""""""""""""""""",1.0,O24,-,US LUM 384 (cps)(1),0.0,0.0,0.0,De=USLum Ex=N/A Em=N/A Wdw=N/A (12),0.0,00:01:10.531,160.0,0.1,1600.0,,,water,water,water,water,O,24
720,1,1.0,"=""=""""""""""""""""",1.0,P01,-,US LUM 384 (cps)(1),0.0,0.0,0.0,De=USLum Ex=N/A Em=N/A Wdw=N/A (12),0.0,00:01:15.241,1540.0,0.1,15400.0,,,c,0,AMP,AMP_0_distal,P,01
722,1,1.0,"=""=""""""""""""""""",1.0,P02,-,US LUM 384 (cps)(1),0.0,0.0,0.0,De=USLum Ex=N/A Em=N/A Wdw=N/A (12),0.0,00:01:15.049,176.0,0.1,1760.0,,,water,water,water,water,P,02
724,1,1.0,"=""=""""""""""""""""",1.0,P03,-,US LUM 384 (cps)(1),0.0,0.0,0.0,De=USLum Ex=N/A Em=N/A Wdw=N/A (12),0.0,00:01:14.856,1748.0,0.1,17480.0,,,c,0,AMP,AMP_0_distal,P,03
726,1,1.0,"=""=""""""""""""""""",1.0,P04,-,US LUM 384 (cps)(1),0.0,0.0,0.0,De=USLum Ex=N/A Em=N/A Wdw=N/A (12),0.0,00:01:14.662,256.0,0.1,2560.0,,,water,water,water,water,P,04
728,1,1.0,"=""=""""""""""""""""",1.0,P05,-,US LUM 384 (cps)(1),0.0,0.0,0.0,De=USLum Ex=N/A Em=N/A Wdw=N/A (12),0.0,00:01:14.468,1824.0,0.1,18240.0,,,c,0,AMP,AMP_0_distal,P,05
730,1,1.0,"=""=""""""""""""""""",1.0,P06,-,US LUM 384 (cps)(1),0.0,0.0,0.0,De=USLum Ex=N/A Em=N/A Wdw=N/A (12),0.0,00:01:14.275,340.0,0.1,3400.0,,,water,water,water,water,P,06
732,1,1.0,"=""=""""""""""""""""",1.0,P07,-,US LUM 384 (cps)(1),0.0,0.0,0.0,De=USLum Ex=N/A Em=N/A Wdw=N/A (12),0.0,00:01:14.082,1840.0,0.1,18400.0,,,c,0,AMP,AMP_0_distal,P,07
734,1,1.0,"=""=""""""""""""""""",1.0,P08,-,US LUM 384 (cps)(1),0.0,0.0,0.0,De=USLum Ex=N/A Em=N/A Wdw=N/A (12),0.0,00:01:13.888,352.0,0.1,3520.0,,,water,water,water,water,P,08
736,1,1.0,"=""=""""""""""""""""",1.0,P09,-,US LUM 384 (cps)(1),0.0,0.0,0.0,De=USLum Ex=N/A Em=N/A Wdw=N/A (12),0.0,00:01:13.695,1684.0,0.1,16840.0,,,c,0,AMP,AMP_0_distal,P,09
738,1,1.0,"=""=""""""""""""""""",1.0,P10,-,US LUM 384 (cps)(1),0.0,0.0,0.0,De=USLum Ex=N/A Em=N/A Wdw=N/A (12),0.0,00:01:13.502,344.0,0.1,3440.0,,,water,water,water,water,P,10
740,1,1.0,"=""=""""""""""""""""",1.0,P11,-,US LUM 384 (cps)(1),0.0,0.0,0.0,De=USLum Ex=N/A Em=N/A Wdw=N/A (12),0.0,00:01:13.308,1532.0,0.1,15320.0,,,c,0,AMP,AMP_0_distal,P,11
742,1,1.0,"=""=""""""""""""""""",1.0,P12,-,US LUM 384 (cps)(1),0.0,0.0,0.0,De=USLum Ex=N/A Em=N/A Wdw=N/A (12),0.0,00:01:13.113,296.0,0.1,2960.0,,,water,water,water,water,P,12
744,1,1.0,"=""=""""""""""""""""",1.0,P13,-,US LUM 384 (cps)(1),0.0,0.0,0.0,De=USLum Ex=N/A Em=N/A Wdw=N/A (12),0.0,00:01:12.919,1620.0,0.1,16200.0,,,c,0,AMP,AMP_0_distal,P,13
746,1,1.0,"=""=""""""""""""""""",1.0,P14,-,US LUM 384 (cps)(1),0.0,0.0,0.0,De=USLum Ex=N/A Em=N/A Wdw=N/A (12),0.0,00:01:12.726,324.0,0.1,3240.0,,,water,water,water,water,P,14
748,1,1.0,"=""=""""""""""""""""",1.0,P15,-,US LUM 384 (cps)(1),0.0,0.0,0.0,De=USLum Ex=N/A Em=N/A Wdw=N/A (12),0.0,00:01:12.532,1564.0,0.1,15640.0,,,c,0,AMP,AMP_0_distal,P,15
750,1,1.0,"=""=""""""""""""""""",1.0,P16,-,US LUM 384 (cps)(1),0.0,0.0,0.0,De=USLum Ex=N/A Em=N/A Wdw=N/A (12),0.0,00:01:12.338,300.0,0.1,3000.0,,,water,water,water,water,P,16
752,1,1.0,"=""=""""""""""""""""",1.0,P17,-,US LUM 384 (cps)(1),0.0,0.0,0.0,De=USLum Ex=N/A Em=N/A Wdw=N/A (12),0.0,00:01:12.145,1556.0,0.1,15560.0,,,c,0,AMP,AMP_0_distal,P,17
754,1,1.0,"=""=""""""""""""""""",1.0,P18,-,US LUM 384 (cps)(1),0.0,0.0,0.0,De=USLum Ex=N/A Em=N/A Wdw=N/A (12),0.0,00:01:11.952,264.0,0.1,2640.0,,,water,water,water,water,P,18
756,1,1.0,"=""=""""""""""""""""",1.0,P19,-,US LUM 384 (cps)(1),0.0,0.0,0.0,De=USLum Ex=N/A Em=N/A Wdw=N/A (12),0.0,00:01:11.758,1472.0,0.1,14720.0,,,c,0,AMP,AMP_0_distal,P,19
758,1,1.0,"=""=""""""""""""""""",1.0,P20,-,US LUM 384 (cps)(1),0.0,0.0,0.0,De=USLum Ex=N/A Em=N/A Wdw=N/A (12),0.0,00:01:11.564,244.0,0.1,2440.0,,,water,water,water,water,P,20
760,1,1.0,"=""=""""""""""""""""",1.0,P21,-,US LUM 384 (cps)(1),0.0,0.0,0.0,De=USLum Ex=N/A Em=N/A Wdw=N/A (12),0.0,00:01:11.371,1784.0,0.1,17840.0,,,c,0,AMP,AMP_0_distal,P,21
762,1,1.0,"=""=""""""""""""""""",1.0,P22,-,US LUM 384 (cps)(1),0.0,0.0,0.0,De=USLum Ex=N/A Em=N/A Wdw=N/A (12),0.0,00:01:11.177,336.0,0.1,3360.0,,,water,water,water,water,P,22
764,1,1.0,"=""=""""""""""""""""",1.0,P23,-,US LUM 384 (cps)(1),0.0,0.0,0.0,De=USLum Ex=N/A Em=N/A Wdw=N/A (12),0.0,00:01:10.985,2640.0,0.1,26400.0,,,c,0,AMP,AMP_0_distal,P,23
766,1,1.0,"=""=""""""""""""""""",1.0,P24,-,US LUM 384 (cps)(1),0.0,0.0,0.0,De=USLum Ex=N/A Em=N/A Wdw=N/A (12),0.0,00:01:10.791,156.0,0.1,1560.0,,,water,water,water,water,P,24
