Reporter,RNAse T Condition,Concentration (uM),Replicate (a or b),NEBuffer
r5A GGAGG no phos,RNase T,45,a,4
r5A GGAGG no phos,RNase T,45,b,4
r5A GGAGG phos,RNase T,45,a,4
r5A GGAGG phos,RNase T,45,b,4
r5A GGAGG no phos,RNase T,45,a,4
r5A GGAGG no phos,RNase T,45,b,4
r5A GGAGG phos,RNase T,45,a,4
r5A GGAGG phos,RNase T,45,b,4
r5A GGAGG no phos,no RNase T,45,a,4
r5A GGAGG no phos,no RNase T,45,b,4
r5A GGAGG phos,no RNase T,45,a,4
r5A GGAGG phos,no RNase T,45,b,4
nuclease-free water,RNase T,45,a,4
nuclease-free water,RNase T,45,b,4
r5A GGAGG no phos,RNase T,5,a,4 + 2.1
r5A GGAGG no phos,RNase T,5,b,4 + 2.1
r5A GGAGG phos,RNase T,5,a,4 + 2.1
r5A GGAGG phos,RNase T,5,b,4 + 2.1
r5A GGAGG no phos,RNase T,5,a,4 + 2.1
r5A GGAGG no phos,RNase T,5,b,4 + 2.1
r5A GGAGG phos,RNase T,5,a,4 + 2.1
r5A GGAGG phos,RNase T,5,b,4 + 2.1
nuclease-free water,RNase T,5,a,4 + 2.1
nuclease-free water,RNase T,5,b,4 + 2.1